pokemon_id,sort_order,level,move
1,20,1,たいあたり
1,30,4,なきごえ
1,40,7,やどりぎのタネ
1,10,10,つるのムチ
1,80,15,どくのこな
1,90,15,ねむりごな
1,60,20,はっぱカッター
1,100,25,あまいかおり
1,50,32,せいちょう
1,110,39,こうごうせい
1,70,46,ソーラービーム
2,20,1,たいあたり
2,30,1,なきごえ
2,50,1,やどりぎのタネ
2,40,4,なきごえ
2,60,7,やどりぎのタネ
2,10,10,つるのムチ
2,100,15,どくのこな
2,110,15,ねむりごな
2,80,22,はっぱカッター
2,120,29,あまいかおり
2,70,38,せいちょう
2,130,47,こうごうせい
2,90,56,ソーラービーム
3,10,1,つるのムチ
3,30,1,たいあたり
3,40,1,なきごえ
3,60,1,やどりぎのタネ
3,50,4,なきごえ
3,70,7,やどりぎのタネ
3,20,10,つるのムチ
3,110,15,どくのこな
3,120,15,ねむりごな
3,90,22,はっぱカッター
3,130,29,あまいかおり
3,80,41,せいちょう
3,140,53,こうごうせい
3,100,65,ソーラービーム
4,10,1,ひっかく
4,20,1,なきごえ
4,30,7,ひのこ
4,100,13,メタルクロー
4,70,19,えんまく
4,90,25,こわいかお
4,40,31,かえんほうしゃ
4,80,37,きりさく
4,50,43,りゅうのいかり
4,60,49,ほのおのうず
5,10,1,ひっかく
5,20,1,なきごえ
5,30,1,ひのこ
5,40,7,ひのこ
5,110,13,メタルクロー
5,80,20,えんまく
5,100,27,こわいかお
5,50,34,かえんほうしゃ
5,90,41,きりさく
5,60,48,りゅうのいかり
5,70,55,ほのおのうず
6,10,1,ひっかく
6,30,1,なきごえ
6,40,1,ひのこ
6,120,1,メタルクロー
6,140,1,ねっぷう
6,50,7,ひのこ
6,130,13,メタルクロー
6,90,20,えんまく
6,110,27,こわいかお
6,60,34,かえんほうしゃ
6,20,36,つばさでうつ
6,100,44,きりさく
6,70,54,りゅうのいかり
6,80,64,ほのおのうず
7,10,1,たいあたり
7,20,4,しっぽをふる
7,80,7,あわ
7,60,10,からにこもる
7,40,13,みずでっぽう
7,30,18,かみつく
7,100,23,こうそくスピン
7,90,28,まもる
7,110,33,あまごい
7,70,40,ロケットずつき
7,50,47,ハイドロポンプ
8,10,1,たいあたり
8,20,1,しっぽをふる
8,90,1,あわ
8,30,4,しっぽをふる
8,100,7,あわ
8,70,10,からにこもる
8,50,13,みずでっぽう
8,40,19,かみつく
8,120,25,こうそくスピン
8,110,31,まもる
8,130,37,あまごい
8,80,45,ロケットずつき
8,60,53,ハイドロポンプ
9,10,1,たいあたり
9,20,1,しっぽをふる
9,70,1,からにこもる
9,100,1,あわ
9,30,4,しっぽをふる
9,110,7,あわ
9,80,10,からにこもる
9,50,13,みずでっぽう
9,40,19,かみつく
9,130,25,こうそくスピン
9,120,31,まもる
9,140,42,あまごい
9,90,55,ロケットずつき
9,60,68,ハイドロポンプ
10,10,1,たいあたり
10,20,1,いとをはく
11,10,1,かたくなる
11,20,7,かたくなる
12,80,1,ねんりき
12,90,10,ねんりき
12,50,13,どくのこな
12,60,14,しびれごな
12,70,15,ねむりごな
12,30,18,ちょうおんぱ
12,20,23,ふきとばし
12,10,28,かぜおこし
12,40,34,サイケこうせん
12,100,40,しんぴのまもり
12,110,47,ぎんいろのかぜ
13,10,1,どくばり
13,20,1,いとをはく
14,10,1,かたくなる
14,20,7,かたくなる
15,10,1,みだれづき
15,20,10,みだれづき
15,70,15,きあいだめ
15,30,20,ダブルニードル
15,60,25,いかり
15,80,30,おいうち
15,40,35,ミサイルばり
15,50,40,こうそくいどう
15,90,45,がむしゃら
16,50,1,たいあたり
16,40,5,すなかけ
16,10,9,かぜおこし
16,70,13,でんこうせっか
16,30,19,ふきとばし
16,20,25,つばさでうつ
16,90,31,フェザーダンス
16,60,39,こうそくいどう
16,80,47,オウムがえし
17,10,1,かぜおこし
17,50,1,すなかけ
17,70,1,たいあたり
17,60,5,すなかけ
17,20,9,かぜおこし
17,90,13,でんこうせっか
17,40,20,ふきとばし
17,30,27,つばさでうつ
17,110,34,フェザーダンス
17,80,43,こうそくいどう
17,100,52,オウムがえし
18,10,1,かぜおこし
18,50,1,すなかけ
18,70,1,たいあたり
18,90,1,でんこうせっか
18,60,5,すなかけ
18,20,9,かぜおこし
18,100,13,でんこうせっか
18,40,20,ふきとばし
18,30,27,つばさでうつ
18,120,34,フェザーダンス
18,80,48,こうそくいどう
18,110,62,オウムがえし
19,10,1,たいあたり
19,20,1,しっぽをふる
19,30,7,でんこうせっか
19,50,13,ひっさつまえば
19,40,20,きあいだめ
19,70,27,おいうち
19,60,34,いかりのまえば
19,80,41,がむしゃら
20,10,1,たいあたり
20,20,1,しっぽをふる
20,30,1,でんこうせっか
20,40,7,でんこうせっか
20,50,13,ひっさつまえば
20,70,20,こわいかお
20,80,30,おいうち
20,60,40,いかりのまえば
20,90,50,がむしゃら
21,30,1,なきごえ
21,40,1,つつく
21,20,7,にらみつける
21,10,13,みだれづき
21,80,19,おいうち
21,90,25,つばめがえし
21,70,31,オウムがえし
21,50,37,ドリルくちばし
21,60,43,こうそくいどう
22,10,1,みだれづき
22,30,1,にらみつける
22,50,1,なきごえ
22,60,1,つつく
22,40,7,にらみつける
22,20,13,みだれづき
22,100,26,おいうち
22,90,32,オウムがえし
22,70,40,ドリルくちばし
22,80,47,こうそくいどう
23,10,1,まきつく
23,30,1,にらみつける
23,20,8,どくばり
23,40,13,かみつく
23,80,20,へびにらみ
23,60,25,いやなおと
23,50,32,ようかいえき
23,90,37,たくわえる
23,100,37,はきだす
23,110,37,のみこむ
23,70,44,くろいきり
24,10,1,まきつく
24,20,1,どくばり
24,40,1,にらみつける
24,50,1,かみつく
24,30,8,どくばり
24,60,13,かみつく
24,100,20,へびにらみ
24,80,28,いやなおと
24,70,38,ようかいえき
24,110,46,たくわえる
24,120,46,はきだす
24,130,46,のみこむ
24,90,56,くろいきり
25,30,1,なきごえ
25,40,1,でんきショック
25,20,6,しっぽをふる
25,60,8,でんじは
25,90,11,でんこうせっか
25,100,15,かげぶんしん
25,10,20,たたきつける
25,50,26,１０まんボルト
25,80,33,こうそくいどう
25,70,41,かみなり
25,110,50,ひかりのかべ
26,10,1,しっぽをふる
26,20,1,でんきショック
26,30,1,１０まんボルト
26,40,1,でんこうせっか
27,10,1,ひっかく
27,40,6,まるくなる
27,20,11,すなかけ
27,30,17,どくばり
27,70,23,きりさく
27,50,30,スピードスター
27,60,37,みだれひっかき
27,90,45,すなじごく
27,80,53,すなあらし
28,10,1,ひっかく
28,20,1,すなかけ
28,50,1,まるくなる
28,60,6,まるくなる
28,30,11,すなかけ
28,40,17,どくばり
28,90,24,きりさく
28,70,33,スピードスター
28,80,42,みだれひっかき
28,110,52,すなじごく
28,100,62,すなあらし
29,10,1,ひっかく
29,60,1,なきごえ
29,30,8,しっぽをふる
29,20,12,にどげり
29,40,17,どくばり
29,50,20,かみつく
29,100,23,てだすけ
29,70,30,みだれひっかき
29,90,38,おだてる
29,80,47,かみくだく
30,10,1,ひっかく
30,60,1,なきごえ
30,30,8,しっぽをふる
30,20,12,にどげり
30,40,18,どくばり
30,50,22,かみつく
30,100,26,てだすけ
30,70,34,みだれひっかき
30,90,43,おだてる
30,80,53,かみくだく
31,10,1,ひっかく
31,20,1,にどげり
31,40,1,しっぽをふる
31,50,1,どくばり
31,30,22,のしかかり
31,60,43,ばかぢから
32,60,1,にらみつける
32,70,1,つつく
32,80,8,きあいだめ
32,10,12,にどげり
32,50,17,どくばり
32,20,20,つのでつく
32,100,23,てだすけ
32,30,30,みだれづき
32,90,38,おだてる
32,40,47,つのドリル
33,60,1,にらみつける
33,70,1,つつく
33,80,8,きあいだめ
33,10,12,にどげり
33,50,18,どくばり
33,20,22,つのでつく
33,100,26,てだすけ
33,30,34,みだれづき
33,90,43,おだてる
33,40,53,つのドリル
34,10,1,にどげり
34,30,1,どくばり
34,40,1,つつく
34,50,1,きあいだめ
34,20,22,あばれる
34,60,43,メガホーン
35,10,1,はたく
35,30,1,なきごえ
35,90,5,アンコール
35,40,9,うたう
35,20,13,おうふくビンタ
35,110,17,このゆびとまれ
35,50,21,ちいさくなる
35,60,25,まるくなる
35,80,29,ゆびをふる
35,130,33,コスモパワー
35,100,37,つきのひかり
35,70,41,ひかりのかべ
35,120,45,コメットパンチ
36,10,1,おうふくビンタ
36,20,1,うたう
36,30,1,ちいさくなる
36,40,1,ゆびをふる
37,30,1,ひのこ
37,10,5,しっぽをふる
37,20,9,ほえる
37,60,13,でんこうせっか
37,90,17,おにび
37,70,21,あやしいひかり
37,100,25,ふういん
37,40,29,かえんほうしゃ
37,80,33,しんぴのまもり
37,110,37,おんねん
37,50,41,ほのおのうず
38,10,1,ひのこ
38,30,1,でんこうせっか
38,40,1,あやしいひかり
38,50,1,しんぴのまもり
38,20,45,ほのおのうず
39,50,1,うたう
39,80,4,まるくなる
39,10,9,はたく
39,60,14,かなしばり
39,100,19,ころがる
39,20,24,おうふくビンタ
39,90,29,ねむる
39,30,34,のしかかり
39,70,39,ものまね
39,110,44,ハイパーボイス
39,40,49,すてみタックル
40,10,1,おうふくビンタ
40,20,1,うたう
40,30,1,かなしばり
40,40,1,まるくなる
41,60,1,きゅうけつ
41,90,6,おどろかす
41,30,11,ちょうおんぱ
41,20,16,かみつく
41,10,21,つばさでうつ
41,40,26,あやしいひかり
41,100,31,エアカッター
41,70,36,くろいまなざし
41,80,41,どくどくのキバ
41,50,46,くろいきり
42,30,1,ちょうおんぱ
42,50,1,いやなおと
42,80,1,きゅうけつ
42,110,1,おどろかす
42,120,6,おどろかす
42,40,11,ちょうおんぱ
42,20,16,かみつく
42,10,21,つばさでうつ
42,60,28,あやしいひかり
42,130,35,エアカッター
42,90,42,くろいまなざし
42,100,49,どくどくのキバ
42,70,56,くろいきり
43,20,1,すいとる
43,70,7,あまいかおり
43,30,14,どくのこな
43,40,16,しびれごな
43,50,18,ねむりごな
43,10,23,ようかいえき
43,80,32,つきのひかり
43,60,39,はなびらのまい
44,20,1,すいとる
44,30,1,どくのこな
44,80,1,あまいかおり
44,90,7,あまいかおり
44,40,14,どくのこな
44,50,16,しびれごな
44,60,18,ねむりごな
44,10,24,ようかいえき
44,100,35,つきのひかり
44,70,44,はなびらのまい
45,10,1,すいとる
45,20,1,メガドレイン
45,30,1,しびれごな
45,50,1,アロマセラピー
45,40,44,はなびらのまい
46,10,1,ひっかく
46,40,7,しびれごな
46,30,13,どくのこな
46,50,19,きゅうけつ
46,60,25,キノコのほうし
46,70,31,きりさく
46,20,37,せいちょう
46,80,43,ギガドレイン
46,90,49,アロマセラピー
47,10,1,ひっかく
47,30,1,どくのこな
47,50,1,しびれごな
47,60,7,しびれごな
47,40,13,どくのこな
47,70,19,きゅうけつ
47,80,27,キノコのほうし
47,90,35,きりさく
47,20,43,せいちょう
47,100,51,ギガドレイン
47,110,59,アロマセラピー
48,10,1,たいあたり
48,30,1,かなしばり
48,110,1,みやぶる
48,20,9,ちょうおんぱ
48,80,17,ねんりき
48,50,20,どくのこな
48,100,25,きゅうけつ
48,60,28,しびれごな
48,40,33,サイケこうせん
48,70,36,ねむりごな
48,90,41,サイコキネシス
49,20,1,たいあたり
49,30,1,ちょうおんぱ
49,50,1,かなしばり
49,130,1,みやぶる
49,140,1,ぎんいろのかぜ
49,40,9,ちょうおんぱ
49,100,17,ねんりき
49,70,20,どくのこな
49,120,25,きゅうけつ
49,80,28,しびれごな
49,10,31,かぜおこし
49,60,36,サイケこうせん
49,90,42,ねむりごな
49,110,52,サイコキネシス
50,10,1,ひっかく
50,20,1,すなかけ
50,30,5,なきごえ
50,100,9,マグニチュード
50,60,17,あなをほる
50,70,21,みだれひっかき
50,90,25,どろかけ
50,80,33,きりさく
50,40,41,じしん
50,50,49,じわれ
51,10,1,ひっかく
51,20,1,すなかけ
51,30,1,なきごえ
51,90,1,トライアタック
51,40,5,なきごえ
51,120,9,マグニチュード
51,70,17,あなをほる
51,80,21,みだれひっかき
51,110,25,どろかけ
51,130,26,すなじごく
51,100,38,きりさく
51,50,51,じしん
51,60,64,じわれ
52,20,1,ひっかく
52,40,1,なきごえ
52,30,10,かみつく
52,10,18,ネコにこばん
52,80,25,だましうち
52,50,31,いやなおと
52,60,36,みだれひっかき
52,70,40,きりさく
52,100,43,ねこだまし
52,90,45,いばる
53,20,1,ひっかく
53,30,1,かみつく
53,50,1,なきごえ
53,40,10,かみつく
53,10,18,ネコにこばん
53,90,25,だましうち
53,60,34,いやなおと
53,70,42,みだれひっかき
53,80,49,きりさく
53,110,55,ねこだまし
53,100,61,いばる
54,10,1,ひっかく
54,90,1,みずあそび
54,20,5,しっぽをふる
54,30,10,かなしばり
54,50,16,ねんりき
54,60,23,いやなおと
54,80,31,じこあんじ
54,70,40,みだれひっかき
54,40,50,ハイドロポンプ
55,10,1,ひっかく
55,20,1,しっぽをふる
55,40,1,かなしばり
55,110,1,みずあそび
55,30,5,しっぽをふる
55,50,10,かなしばり
55,70,16,ねんりき
55,80,23,いやなおと
55,100,31,じこあんじ
55,90,44,みだれひっかき
55,60,58,ハイドロポンプ
56,20,1,ひっかく
56,40,1,にらみつける
56,50,6,けたぐり
56,10,11,からてチョップ
56,90,16,みだれひっかき
56,80,21,きあいだめ
56,60,26,ちきゅうなげ
56,110,31,クロスチョップ
56,100,36,いばる
56,70,41,いやなおと
56,30,46,あばれる
57,20,1,ひっかく
57,40,1,にらみつける
57,50,1,けたぐり
57,80,1,いかり
57,60,6,けたぐり
57,10,11,からてチョップ
57,120,16,みだれひっかき
57,110,21,きあいだめ
57,70,26,ちきゅうなげ
57,90,28,いかり
57,140,35,クロスチョップ
57,130,44,いばる
57,100,53,いやなおと
57,30,62,あばれる
58,30,1,かみつく
58,40,1,ほえる
58,50,7,ひのこ
58,20,13,にらみつける
58,100,19,かぎわける
58,10,25,とっしん
58,80,31,かえんぐるま
58,90,37,てだすけ
58,70,43,こうそくいどう
58,60,49,かえんほうしゃ
59,10,1,かみつく
59,20,1,ほえる
59,30,1,ひのこ
59,50,1,かぎわける
59,40,49,しんそく
60,60,1,あわ
60,50,7,さいみんじゅつ
60,30,13,みずでっぽう
60,10,19,おうふくビンタ
60,80,25,あまごい
60,20,31,のしかかり
60,70,37,はらだいこ
60,40,43,ハイドロポンプ
61,30,1,みずでっぽう
61,60,1,さいみんじゅつ
61,80,1,あわ
61,70,7,さいみんじゅつ
61,40,13,みずでっぽう
61,10,19,おうふくビンタ
61,100,27,あまごい
61,20,35,のしかかり
61,90,43,はらだいこ
61,50,51,ハイドロポンプ
62,10,1,おうふくビンタ
62,20,1,みずでっぽう
62,30,1,じごくぐるま
62,50,1,さいみんじゅつ
62,40,35,じごくぐるま
62,60,51,こころのめ
63,10,1,テレポート
64,30,1,ねんりき
64,60,1,テレポート
64,90,1,スプーンまげ
64,40,16,ねんりき
64,10,18,かなしばり
64,20,21,サイケこうせん
64,80,23,リフレクター
64,70,25,じこさいせい
64,100,30,みらいよち
64,120,33,なりきり
64,50,36,サイコキネシス
64,110,43,トリック
65,30,1,ねんりき
65,60,1,テレポート
65,90,1,スプーンまげ
65,40,16,ねんりき
65,10,18,かなしばり
65,20,21,サイケこうせん
65,80,23,リフレクター
65,70,25,じこさいせい
65,100,30,みらいよち
65,120,33,めいそう
65,50,36,サイコキネシス
65,110,43,トリック
66,20,1,にらみつける
66,40,1,けたぐり
66,60,7,きあいだめ
66,10,13,からてチョップ
66,50,19,ちきゅうなげ
66,80,22,みやぶる
66,120,25,リベンジ
66,100,31,あてみなげ
66,30,37,じごくぐるま
66,110,40,クロスチョップ
66,70,43,こわいかお
66,90,49,ばくれつパンチ
67,20,1,にらみつける
67,40,1,けたぐり
67,60,1,きあいだめ
67,70,7,きあいだめ
67,10,13,からてチョップ
67,50,19,ちきゅうなげ
67,90,22,みやぶる
67,130,25,リベンジ
67,110,33,あてみなげ
67,30,41,じごくぐるま
67,120,46,クロスチョップ
67,80,51,こわいかお
67,100,59,ばくれつパンチ
68,20,1,にらみつける
68,40,1,けたぐり
68,60,1,きあいだめ
68,70,7,きあいだめ
68,10,13,からてチョップ
68,50,19,ちきゅうなげ
68,90,22,みやぶる
68,130,25,リベンジ
68,110,33,あてみなげ
68,30,41,じごくぐるま
68,120,46,クロスチョップ
68,80,51,こわいかお
68,100,59,ばくれつパンチ
69,20,1,つるのムチ
69,50,6,せいちょう
69,30,11,まきつく
69,90,15,ねむりごな
69,70,17,どくのこな
69,80,19,しびれごな
69,40,23,ようかいえき
69,100,30,あまいかおり
69,60,37,はっぱカッター
69,10,45,たたきつける
70,20,1,つるのムチ
70,30,1,まきつく
70,60,1,せいちょう
70,70,6,せいちょう
70,40,11,まきつく
70,110,15,ねむりごな
70,90,17,どくのこな
70,100,19,しびれごな
70,50,24,ようかいえき
70,120,33,あまいかおり
70,80,42,はっぱカッター
70,10,54,たたきつける
71,10,1,つるのムチ
71,20,1,はっぱカッター
71,30,1,ねむりごな
71,40,1,あまいかおり
71,50,1,たくわえる
71,60,1,はきだす
71,70,1,のみこむ
72,20,1,どくばり
72,30,6,ちょうおんぱ
72,90,12,からみつく
72,40,19,ようかいえき
72,60,25,バブルこうせん
72,10,30,まきつく
72,80,36,バリアー
72,70,43,いやなおと
72,50,49,ハイドロポンプ
73,20,1,どくばり
73,30,1,ちょうおんぱ
73,100,1,からみつく
73,40,6,ちょうおんぱ
73,110,12,からみつく
73,50,19,ようかいえき
73,70,25,バブルこうせん
73,10,30,まきつく
73,90,38,バリアー
73,80,47,いやなおと
73,60,55,ハイドロポンプ
74,10,1,たいあたり
74,50,1,まるくなる
74,100,6,どろあそび
74,30,11,いわおとし
74,90,16,マグニチュード
74,60,21,じばく
74,80,26,ころがる
74,110,31,ロックブラスト
74,40,36,じしん
74,70,41,だいばくはつ
74,20,46,すてみタックル
75,10,1,たいあたり
75,30,1,いわおとし
75,60,1,まるくなる
75,110,1,どろあそび
75,120,6,どろあそび
75,40,11,いわおとし
75,100,16,マグニチュード
75,70,21,じばく
75,90,29,ころがる
75,130,37,ロックブラスト
75,50,45,じしん
75,80,53,だいばくはつ
75,20,62,すてみタックル
76,10,1,たいあたり
76,30,1,いわおとし
76,60,1,まるくなる
76,110,1,どろあそび
76,120,6,どろあそび
76,40,11,いわおとし
76,100,16,マグニチュード
76,70,21,じばく
76,90,29,ころがる
76,130,37,ロックブラスト
76,50,45,じしん
76,80,53,だいばくはつ
76,20,62,すてみタックル
77,80,1,でんこうせっか
77,40,5,なきごえ
77,30,9,しっぽをふる
77,50,14,ひのこ
77,10,19,ふみつけ
77,60,25,ほのおのうず
77,20,31,とっしん
77,70,38,こうそくいどう
77,100,45,とびはねる
77,90,53,だいもんじ
78,40,1,しっぽをふる
78,60,1,なきごえ
78,80,1,ひのこ
78,120,1,でんこうせっか
78,70,5,なきごえ
78,50,9,しっぽをふる
78,90,14,ひのこ
78,10,19,ふみつけ
78,100,25,ほのおのうず
78,30,31,とっしん
78,110,38,こうそくいどう
78,20,40,みだれづき
78,140,50,とびはねる
78,130,63,だいもんじ
79,20,1,たいあたり
79,90,1,のろい
79,110,1,あくび
79,30,6,なきごえ
79,50,13,みずでっぽう
79,60,17,ねんりき
79,40,24,かなしばり
79,10,29,ずつき
79,80,36,ドわすれ
79,70,40,サイコキネシス
79,100,47,じこあんじ
80,20,1,たいあたり
80,30,1,なきごえ
80,110,1,のろい
80,130,1,あくび
80,40,6,なきごえ
80,60,13,みずでっぽう
80,70,17,ねんりき
80,50,24,かなしばり
80,10,29,ずつき
80,100,36,ドわすれ
80,90,37,からにこもる
80,80,44,サイコキネシス
80,120,55,じこあんじ
81,10,1,たいあたり
81,110,1,きんぞくおん
81,40,6,でんきショック
81,20,11,ちょうおんぱ
81,30,16,ソニックブーム
81,50,21,でんじは
81,100,26,スパーク
81,90,32,ロックオン
81,70,38,スピードスター
81,60,44,いやなおと
81,80,50,でんじほう
82,10,1,たいあたり
82,20,1,ちょうおんぱ
82,50,1,でんきショック
82,130,1,きんぞくおん
82,60,6,でんきショック
82,30,11,ちょうおんぱ
82,40,16,ソニックブーム
82,70,21,でんじは
82,120,26,スパーク
82,110,35,ロックオン
82,90,44,トライアタック
82,80,53,いやなおと
82,100,62,でんじほう
83,50,1,つつく
83,20,6,すなかけ
83,40,11,にらみつける
83,30,16,みだれづき
83,100,21,はたきおとす
83,90,26,れんぞくぎり
83,10,31,つるぎのまい
83,60,36,こうそくいどう
83,70,41,きりさく
83,80,46,みねうち
84,20,1,なきごえ
84,30,1,つつく
84,80,9,おいうち
84,10,13,みだれづき
84,70,21,トライアタック
84,60,25,いかり
84,90,33,さわぐ
84,40,37,ドリルくちばし
84,50,45,こうそくいどう
85,10,1,みだれづき
85,30,1,なきごえ
85,40,1,つつく
85,90,1,おいうち
85,100,9,おいうち
85,20,13,みだれづき
85,80,21,トライアタック
85,70,25,いかり
85,110,38,さわぐ
85,50,47,ドリルくちばし
85,60,60,こうそくいどう
86,10,1,ずつき
86,30,9,なきごえ
86,70,17,こごえるかぜ
86,50,21,オーロラビーム
86,60,29,ねむる
86,20,37,とっしん
86,40,41,れいとうビーム
86,80,49,しんぴのまもり
87,10,1,ずつき
87,30,1,なきごえ
87,60,1,オーロラビーム
87,90,1,こごえるかぜ
87,120,1,シグナルビーム
87,40,9,なきごえ
87,100,17,こごえるかぜ
87,70,21,オーロラビーム
87,80,29,ねむる
87,130,34,ぜったいれいど
87,20,42,とっしん
87,50,51,れいとうビーム
87,110,64,しんぴのまもり
88,10,1,はたく
88,70,1,どくガス
88,40,4,かたくなる
88,20,8,かなしばり
88,60,13,ヘドロこうげき
88,50,19,ちいさくなる
88,30,26,いやなおと
88,80,34,とける
88,90,43,ヘドロばくだん
88,100,53,おきみやげ
89,10,1,はたく
89,40,1,かたくなる
89,80,1,どくガス
89,50,4,かたくなる
89,20,8,かなしばり
89,70,13,ヘドロこうげき
89,60,19,ちいさくなる
89,30,26,いやなおと
89,90,34,とける
89,100,47,ヘドロばくだん
89,110,61,おきみやげ
90,10,1,たいあたり
90,60,1,からにこもる
90,90,8,つららばり
90,30,15,ちょうおんぱ
90,50,22,オーロラビーム
90,80,29,まもる
90,20,36,にらみつける
90,70,43,からではさむ
90,40,50,れいとうビーム
91,10,1,ちょうおんぱ
91,20,1,オーロラビーム
91,30,1,からにこもる
91,50,1,まもる
91,60,36,まきびし
91,40,43,とげキャノン
92,10,1,さいみんじゅつ
92,40,1,したでなめる
92,80,8,うらみ
92,70,13,のろい
92,20,16,ナイトヘッド
92,30,21,あやしいひかり
92,50,28,ゆめくい
92,90,33,みちづれ
92,110,36,シャドーボール
92,60,41,あくむ
92,100,48,くろいまなざし
93,10,1,さいみんじゅつ
93,40,1,したでなめる
93,80,1,うらみ
93,90,8,うらみ
93,70,13,のろい
93,20,16,ナイトヘッド
93,30,21,あやしいひかり
93,130,25,シャドーパンチ
93,50,31,ゆめくい
93,100,39,みちづれ
93,120,45,シャドーボール
93,60,53,あくむ
93,110,64,くろいまなざし
94,10,1,さいみんじゅつ
94,40,1,したでなめる
94,80,1,うらみ
94,90,8,うらみ
94,70,13,のろい
94,20,16,ナイトヘッド
94,30,21,あやしいひかり
94,130,25,シャドーパンチ
94,50,31,ゆめくい
94,100,39,みちづれ
94,120,45,シャドーボール
94,60,53,あくむ
94,110,64,くろいまなざし
95,30,1,たいあたり
95,70,1,いやなおと
95,10,8,しめつける
95,50,12,いわおとし
95,80,19,かたくなる
95,60,23,いかり
95,100,30,りゅうのいぶき
95,90,34,すなあらし
95,20,41,たたきつける
95,110,45,アイアンテール
95,120,52,すなじごく
95,40,56,すてみタックル
96,10,1,はたく
96,60,1,さいみんじゅつ
96,30,7,かなしばり
96,40,11,ねんりき
96,20,17,ずつき
96,80,21,どくガス
96,70,27,ヨガのポーズ
96,50,31,サイコキネシス
96,100,37,じこあんじ
96,90,41,いばる
96,110,47,みらいよち
97,10,1,はたく
97,30,1,かなしばり
97,50,1,ねんりき
97,80,1,さいみんじゅつ
97,110,1,あくむ
97,40,7,かなしばり
97,60,11,ねんりき
97,20,17,ずつき
97,100,21,どくガス
97,90,29,ヨガのポーズ
97,70,35,サイコキネシス
97,130,43,じこあんじ
97,120,49,いばる
97,140,57,みらいよち
98,60,1,あわ
98,40,5,にらみつける
98,10,12,はさむ
98,50,16,かたくなる
98,100,23,マッドショット
98,30,27,ふみつけ
98,20,34,ハサミギロチン
98,90,38,まもる
98,70,45,クラブハンマー
98,80,49,じたばた
99,10,1,はさむ
99,50,1,にらみつける
99,70,1,かたくなる
99,90,1,あわ
99,130,1,メタルクロー
99,60,5,にらみつける
99,20,12,はさむ
99,80,16,かたくなる
99,140,23,マッドショット
99,40,27,ふみつけ
99,30,38,ハサミギロチン
99,120,42,まもる
99,100,57,クラブハンマー
99,110,65,じたばた
100,10,1,たいあたり
100,110,1,じゅうでん
100,30,8,いやなおと
100,20,15,ソニックブーム
100,90,21,スパーク
100,50,27,じばく
100,80,32,ころがる
100,40,37,ひかりのかべ
100,60,42,スピードスター
100,70,46,だいばくはつ
100,100,49,ミラーコート
101,10,1,たいあたり
101,20,1,ソニックブーム
101,40,1,いやなおと
101,130,1,じゅうでん
101,50,8,いやなおと
101,30,15,ソニックブーム
101,110,21,スパーク
101,70,27,じばく
101,100,34,ころがる
101,60,41,ひかりのかべ
101,80,48,スピードスター
101,90,54,だいばくはつ
101,120,59,ミラーコート
102,70,1,さいみんじゅつ
102,90,1,たまなげ
102,100,1,さわぐ
102,80,7,リフレクター
102,10,13,やどりぎのタネ
102,60,19,ねんりき
102,40,25,しびれごな
102,30,31,どくのこな
102,50,37,ねむりごな
102,20,43,ソーラービーム
103,20,1,ねんりき
103,30,1,さいみんじゅつ
103,50,1,たまなげ
103,10,19,ふみつけ
103,40,31,タマゴばくだん
104,60,1,なきごえ
104,40,5,しっぽをふる
104,90,9,ホネこんぼう
104,10,13,ずつき
104,50,17,にらみつける
104,80,21,きあいだめ
104,100,25,ホネブーメラン
104,70,29,いかり
104,120,33,みねうち
104,20,37,あばれる
104,110,41,ボーンラッシュ
104,30,45,すてみタックル
105,10,1,ずつき
105,50,1,しっぽをふる
105,80,1,なきごえ
105,110,1,ホネこんぼう
105,60,5,しっぽをふる
105,120,9,ホネこんぼう
105,20,13,ずつき
105,70,17,にらみつける
105,100,21,きあいだめ
105,130,25,ホネブーメラン
105,90,32,いかり
105,150,39,みねうち
105,30,46,あばれる
105,140,53,ボーンラッシュ
105,40,61,すてみタックル
106,10,1,にどげり
106,120,1,リベンジ
106,50,6,ヨガのポーズ
106,40,11,まわしげり
106,30,16,とびげり
106,130,20,かわらわり
106,60,21,きあいだめ
106,70,26,とびひざげり
106,80,31,こころのめ
106,100,36,みやぶる
106,110,41,こらえる
106,20,46,メガトンキック
106,90,51,きしかいせい
107,10,1,れんぞくパンチ
107,110,1,リベンジ
107,70,7,こうそくいどう
107,100,13,おいうち
107,80,20,マッハパンチ
107,30,26,ほのおのパンチ
107,40,26,れいとうパンチ
107,50,26,かみなりパンチ
107,120,32,スカイアッパー
107,20,38,メガトンパンチ
107,90,44,みきり
107,60,50,カウンター
108,80,1,したでなめる
108,40,7,ちょうおんぱ
108,70,12,まるくなる
108,90,18,はたきおとす
108,20,23,ふみつけ
108,30,29,まきつく
108,50,34,かなしばり
108,10,40,たたきつける
108,60,45,いやなおと
108,100,51,リフレッシュ
109,10,1,たいあたり
109,70,1,どくガス
109,50,9,スモッグ
109,40,17,じばく
109,60,21,ヘドロこうげき
109,20,25,えんまく
109,30,33,くろいきり
109,80,41,だいばくはつ
109,90,45,みちづれ
109,100,49,おきみやげ
110,10,1,たいあたり
110,40,1,じばく
110,60,1,スモッグ
110,90,1,どくガス
110,70,9,スモッグ
110,50,17,じばく
110,80,21,ヘドロこうげき
110,20,25,えんまく
110,30,33,くろいきり
110,100,44,だいばくはつ
110,110,51,みちづれ
110,120,58,おきみやげ
111,20,1,つのでつく
111,60,1,しっぽをふる
111,10,10,ふみつけ
111,30,15,みだれづき
111,80,24,こわいかお
111,100,29,ロックブラスト
111,40,38,つのドリル
111,50,43,とっしん
111,70,52,じしん
111,90,57,メガホーン
112,10,1,ふみつけ
112,30,1,つのでつく
112,40,1,みだれづき
112,80,1,しっぽをふる
112,20,10,ふみつけ
112,50,15,みだれづき
112,100,24,こわいかお
112,120,29,ロックブラスト
112,60,38,つのドリル
112,70,46,とっしん
112,90,58,じしん
112,110,66,メガホーン
113,10,1,はたく
113,50,1,なきごえ
113,40,5,しっぽをふる
113,120,9,リフレッシュ
113,110,13,タマゴうみ
113,20,17,おうふくビンタ
113,70,23,ちいさくなる
113,60,29,うたう
113,100,35,タマゴばくだん
113,80,41,まるくなる
113,90,49,ひかりのかべ
113,30,57,すてみタックル
114,100,1,からみつく
114,110,1,ねをはる
114,90,4,ねむりごな
114,40,10,すいとる
114,60,13,せいちょう
114,70,19,どくのこな
114,30,22,つるのムチ
114,10,28,しめつける
114,50,31,メガドレイン
114,80,37,しびれごな
114,20,40,たたきつける
114,120,46,くすぐる
115,10,1,れんぞくパンチ
115,40,1,にらみつける
115,50,7,かみつく
115,30,13,しっぽをふる
115,100,19,ねこだまし
115,20,25,メガトンパンチ
115,60,31,いかり
115,90,37,こらえる
115,70,43,ピヨピヨパンチ
115,80,49,きしかいせい
116,60,1,あわ
116,50,8,えんまく
116,10,15,にらみつける
116,20,22,みずでっぽう
116,70,29,たつまき
116,40,36,こうそくいどう
116,30,43,ハイドロポンプ
116,80,50,りゅうのまい
117,10,1,にらみつける
117,30,1,みずでっぽう
117,70,1,えんまく
117,90,1,あわ
117,80,8,えんまく
117,20,15,にらみつける
117,40,22,みずでっぽう
117,100,29,たつまき
117,60,40,こうそくいどう
117,50,51,ハイドロポンプ
117,110,62,りゅうのまい
118,40,1,しっぽをふる
118,60,1,つつく
118,110,1,みずあそび
118,50,10,ちょうおんぱ
118,10,15,つのでつく
118,90,24,じたばた
118,20,29,みだれづき
118,80,38,たきのぼり
118,30,43,つのドリル
118,70,52,こうそくいどう
118,100,57,メガホーン
119,40,1,しっぽをふる
119,50,1,ちょうおんぱ
119,70,1,つつく
119,120,1,みずあそび
119,60,10,ちょうおんぱ
119,10,15,つのでつく
119,100,24,じたばた
119,20,29,みだれづき
119,90,41,たきのぼり
119,30,49,つのドリル
119,80,61,こうそくいどう
119,110,69,メガホーン
120,10,1,たいあたり
120,60,1,かたくなる
120,20,6,みずでっぽう
120,100,10,こうそくスピン
120,50,15,じこさいせい
120,110,19,ほごしょく
120,90,24,スピードスター
120,40,28,バブルこうせん
120,70,33,ちいさくなる
120,80,37,ひかりのかべ
120,120,42,コスモパワー
120,30,46,ハイドロポンプ
121,10,1,みずでっぽう
121,20,1,じこさいせい
121,40,1,スピードスター
121,50,1,こうそくスピン
121,30,33,あやしいひかり
122,60,1,バリアー
122,30,5,ねんりき
122,90,8,みがわり
122,50,12,ヨガのポーズ
122,10,15,おうふくビンタ
122,70,19,ひかりのかべ
122,80,19,リフレクター
122,160,22,マジカルリーフ
122,120,26,アンコール
122,20,29,サイケこうせん
122,150,33,リサイクル
122,130,36,トリック
122,140,40,なりきり
122,40,43,サイコキネシス
122,110,47,バトンタッチ
122,100,50,しんぴのまもり
123,30,1,にらみつける
123,50,1,でんこうせっか
123,70,6,きあいだめ
123,110,11,おいうち
123,90,16,みねうち
123,40,21,こうそくいどう
123,20,26,つばさでうつ
123,80,31,きりさく
123,10,36,つるぎのまい
123,60,41,かげぶんしん
123,100,46,れんぞくぎり
124,10,1,はたく
124,60,1,したでなめる
124,70,1,あくまのキッス
124,90,1,こなゆき
124,80,9,あくまのキッス
124,100,13,こなゆき
124,20,21,おうふくビンタ
124,30,25,れいとうパンチ
124,120,35,くろいまなざし
124,130,41,うそなき
124,40,51,のしかかり
124,110,57,ほろびのうた
124,50,67,ふぶき
125,10,1,かみなりパンチ
125,30,1,にらみつける
125,60,1,でんこうせっか
125,20,9,かみなりパンチ
125,80,17,ひかりのかべ
125,90,25,スピードスター
125,70,36,いやなおと
125,40,47,１０まんボルト
125,50,58,かみなり
126,10,1,ほのおのパンチ
126,30,1,にらみつける
126,50,1,ひのこ
126,90,1,スモッグ
126,40,7,にらみつける
126,100,13,スモッグ
126,20,19,ほのおのパンチ
126,70,25,えんまく
126,120,33,にほんばれ
126,60,41,かえんほうしゃ
126,80,49,あやしいひかり
126,110,57,だいもんじ
127,10,1,はさむ
127,80,1,きあいだめ
127,40,7,しめつける
127,60,13,ちきゅうなげ
127,70,19,かたくなる
127,90,25,リベンジ
127,100,31,かわらわり
127,20,37,ハサミギロチン
127,50,43,じごくぐるま
127,30,49,つるぎのまい
128,20,1,たいあたり
128,50,1,しっぽをふる
128,60,4,いかり
128,10,8,つのでつく
128,80,13,こわいかお
128,100,19,おいうち
128,90,26,いばる
128,70,34,ねむる
128,40,43,あばれる
128,30,53,とっしん
129,20,1,はねる
129,10,15,たいあたり
129,30,30,じたばた
130,10,1,あばれる
130,30,20,かみつく
130,60,25,りゅうのいかり
130,20,30,にらみつける
130,70,35,たつまき
130,40,40,ハイドロポンプ
130,80,45,あまごい
130,90,50,りゅうのまい
130,50,55,はかいこうせん
131,20,1,なきごえ
131,30,1,うたう
131,50,1,みずでっぽう
131,40,7,しろいきり
131,10,13,のしかかり
131,80,19,あやしいひかり
131,90,25,ほろびのうた
131,70,31,れいとうビーム
131,110,37,あまごい
131,100,43,しんぴのまもり
131,60,49,ハイドロポンプ
131,120,55,ぜったいれいど
132,10,1,へんしん
133,20,1,たいあたり
133,40,1,しっぽをふる
133,90,1,てだすけ
133,10,8,すなかけ
133,60,16,なきごえ
133,70,23,でんこうせっか
133,50,30,かみつく
133,80,36,バトンタッチ
133,30,42,とっしん
134,20,1,たいあたり
134,30,1,しっぽをふる
134,110,1,てだすけ
134,10,8,すなかけ
134,50,16,みずでっぽう
134,80,23,でんこうせっか
134,40,30,かみつく
134,70,36,オーロラビーム
134,90,42,くろいきり
134,100,47,とける
134,60,52,ハイドロポンプ
135,30,1,たいあたり
135,40,1,しっぽをふる
135,110,1,てだすけ
135,20,8,すなかけ
135,60,16,でんきショック
135,100,23,でんこうせっか
135,10,30,にどげり
135,50,36,ミサイルばり
135,70,42,でんじは
135,90,47,こうそくいどう
135,80,52,かみなり
136,20,1,たいあたり
136,30,1,しっぽをふる
136,110,1,てだすけ
136,10,8,すなかけ
136,60,16,ひのこ
136,90,23,でんこうせっか
136,50,30,かみつく
136,80,36,ほのおのうず
136,100,42,スモッグ
136,40,47,にらみつける
136,70,52,かえんほうしゃ
137,10,1,たいあたり
137,60,1,テクスチャー
137,80,1,テクスチャー２
137,30,9,こうそくいどう
137,20,12,サイケこうせん
137,40,20,じこさいせい
137,50,24,かくばる
137,100,32,ロックオン
137,70,36,トライアタック
137,110,44,リサイクル
137,90,48,でんじほう
138,50,1,からにこもる
138,60,1,からみつく
138,20,13,かみつく
138,30,19,みずでっぽう
138,100,25,マッドショット
138,10,31,にらみつける
138,70,37,まもる
138,90,43,くすぐる
138,80,49,げんしのちから
138,40,55,ハイドロポンプ
139,20,1,かみつく
139,40,1,みずでっぽう
139,70,1,からにこもる
139,90,1,からみつく
139,30,13,かみつく
139,50,19,みずでっぽう
139,130,25,マッドショット
139,10,31,にらみつける
139,100,37,まもる
139,80,40,とげキャノン
139,120,46,くすぐる
139,110,55,げんしのちから
139,60,65,ハイドロポンプ
140,10,1,ひっかく
140,60,1,かたくなる
140,40,13,すいとる
140,30,19,にらみつける
140,100,25,マッドショット
140,20,31,すなかけ
140,70,37,こらえる
140,90,43,きんぞくおん
140,50,49,メガドレイン
140,80,55,げんしのちから
141,10,1,ひっかく
141,30,1,にらみつける
141,50,1,すいとる
141,80,1,かたくなる
141,110,1,れんぞくぎり
141,60,13,すいとる
141,40,19,にらみつける
141,140,25,マッドショット
141,20,31,すなかけ
141,100,37,こらえる
141,90,40,きりさく
141,130,46,きんぞくおん
141,70,55,メガドレイン
141,120,65,げんしのちから
142,10,1,つばさでうつ
142,60,8,こうそくいどう
142,30,15,かみつく
142,40,22,ちょうおんぱ
142,80,29,げんしのちから
142,70,36,こわいかお
142,20,43,とっしん
142,50,50,はかいこうせん
143,20,1,たいあたり
143,60,5,ドわすれ
143,50,9,まるくなる
143,90,13,はらだいこ
143,10,17,ずつき
143,120,21,あくび
143,70,25,ねむる
143,80,29,いびき
143,30,33,のしかかり
143,110,37,ねごと
143,130,41,とおせんぼう
143,140,45,ほしがる
143,100,49,ころがる
143,40,53,はかいこうせん
144,10,1,かぜおこし
144,80,1,こなゆき
144,20,13,しろいきり
144,50,25,こうそくいどう
144,70,37,こころのめ
144,30,49,れいとうビーム
144,60,61,リフレクター
144,40,73,ふぶき
144,90,85,ぜったいれいど
145,10,1,つつく
145,30,1,でんきショック
145,40,13,でんじは
145,60,25,こうそくいどう
145,80,37,みきり
145,20,49,ドリルくちばし
145,90,61,じゅうでん
145,70,73,ひかりのかべ
145,50,85,かみなり
146,10,1,つばさでうつ
146,20,1,ひのこ
146,40,13,ほのおのうず
146,50,25,こうそくいどう
146,70,37,こらえる
146,30,49,かえんほうしゃ
146,80,61,しんぴのまもり
146,90,73,ねっぷう
146,60,85,ゴッドバード
147,20,1,まきつく
147,30,1,にらみつける
147,60,8,でんじは
147,100,15,たつまき
147,50,22,りゅうのいかり
147,10,29,たたきつける
147,70,36,こうそくいどう
147,90,43,しんぴのまもり
147,80,50,げきりん
147,40,57,はかいこうせん
148,20,1,まきつく
148,30,1,にらみつける
148,60,1,でんじは
148,110,1,たつまき
148,70,8,でんじは
148,120,15,たつまき
148,50,22,りゅうのいかり
148,10,29,たたきつける
148,80,38,こうそくいどう
148,100,47,しんぴのまもり
148,90,56,げきりん
148,40,65,はかいこうせん
149,30,1,まきつく
149,40,1,にらみつける
149,70,1,でんじは
149,120,1,たつまき
149,80,8,でんじは
149,130,15,たつまき
149,60,22,りゅうのいかり
149,20,29,たたきつける
149,90,38,こうそくいどう
149,110,47,しんぴのまもり
149,10,55,つばさでうつ
149,100,61,げきりん
149,50,75,はかいこうせん
150,10,1,かなしばり
150,30,1,ねんりき
150,60,11,バリアー
150,20,22,しろいきり
150,70,33,スピードスター
150,50,44,じこさいせい
150,90,55,しんぴのまもり
150,40,66,サイコキネシス
150,100,77,じこあんじ
150,110,88,みらいよち
150,80,99,ドわすれ
151,10,1,はたく
151,50,10,へんしん
151,20,20,メガトンパンチ
151,40,30,ゆびをふる
151,30,40,サイコキネシス
151,60,50,げんしのちから
152,10,1,たいあたり
152,30,1,なきごえ
152,40,8,はっぱカッター
152,80,12,リフレクター
152,60,15,どくのこな
152,100,22,こうごうせい
152,20,29,のしかかり
152,70,36,ひかりのかべ
152,90,43,しんぴのまもり
152,50,50,ソーラービーム
153,10,1,たいあたり
153,30,1,なきごえ
153,40,1,はっぱカッター
153,90,1,リフレクター
153,50,8,はっぱカッター
153,100,12,リフレクター
153,70,15,どくのこな
153,120,23,こうごうせい
153,20,31,のしかかり
153,80,39,ひかりのかべ
153,110,47,しんぴのまもり
153,60,55,ソーラービーム
154,10,1,たいあたり
154,30,1,なきごえ
154,40,1,はっぱカッター
154,90,1,リフレクター
154,50,8,はっぱカッター
154,100,12,リフレクター
154,70,15,どくのこな
154,120,23,こうごうせい
154,20,31,のしかかり
154,80,41,ひかりのかべ
154,110,51,しんぴのまもり
154,60,61,ソーラービーム
155,10,1,たいあたり
155,20,1,にらみつける
155,60,6,えんまく
155,30,12,ひのこ
155,50,19,でんこうせっか
155,80,27,かえんぐるま
155,70,36,スピードスター
155,40,46,かえんほうしゃ
156,10,1,たいあたり
156,20,1,にらみつける
156,60,1,えんまく
156,70,6,えんまく
156,30,12,ひのこ
156,50,21,でんこうせっか
156,90,31,かえんぐるま
156,80,42,スピードスター
156,40,54,かえんほうしゃ
157,10,1,たいあたり
157,20,1,にらみつける
157,30,1,ひのこ
157,70,1,えんまく
157,80,6,えんまく
157,40,12,ひのこ
157,60,21,でんこうせっか
157,100,31,かえんぐるま
157,90,45,スピードスター
157,50,60,かえんほうしゃ
158,10,1,ひっかく
158,20,1,にらみつける
158,60,7,いかり
158,40,13,みずでっぽう
158,30,20,かみつく
158,90,27,こわいかお
158,80,35,きりさく
158,70,43,いやなおと
158,50,52,ハイドロポンプ
159,10,1,ひっかく
159,20,1,にらみつける
159,60,1,いかり
159,70,7,いかり
159,40,13,みずでっぽう
159,30,21,かみつく
159,100,28,こわいかお
159,90,37,きりさく
159,80,45,いやなおと
159,50,55,ハイドロポンプ
160,10,1,ひっかく
160,20,1,にらみつける
160,40,1,みずでっぽう
160,70,1,いかり
160,80,7,いかり
160,50,13,みずでっぽう
160,30,21,かみつく
160,110,28,こわいかお
160,100,38,きりさく
160,90,47,いやなおと
160,60,58,ハイドロポンプ
161,10,1,ひっかく
161,40,4,まるくなる
161,30,7,でんこうせっか
161,60,12,みだれひっかき
161,90,17,てだすけ
161,20,24,たたきつける
161,80,31,このゆびとまれ
161,70,40,ねむる
161,50,49,ドわすれ
162,10,1,ひっかく
162,30,1,でんこうせっか
162,50,1,まるくなる
162,60,4,まるくなる
162,40,7,でんこうせっか
162,80,12,みだれひっかき
162,110,19,てだすけ
162,20,28,たたきつける
162,100,37,このゆびとまれ
162,90,48,ねむる
162,70,59,ドわすれ
163,10,1,たいあたり
163,30,1,なきごえ
163,90,6,みやぶる
163,40,11,つつく
163,60,16,さいみんじゅつ
163,70,22,リフレクター
163,20,28,とっしん
163,50,34,ねんりき
163,80,48,ゆめくい
164,10,1,たいあたり
164,30,1,なきごえ
164,40,1,つつく
164,100,1,みやぶる
164,110,6,みやぶる
164,50,11,つつく
164,70,16,さいみんじゅつ
164,80,25,リフレクター
164,20,33,とっしん
164,60,41,ねんりき
164,90,57,ゆめくい
165,20,1,たいあたり
165,40,8,ちょうおんぱ
165,10,15,れんぞくパンチ
165,60,22,ひかりのかべ
165,70,22,リフレクター
165,90,22,しんぴのまもり
165,100,29,バトンタッチ
165,80,36,スピードスター
165,50,43,こうそくいどう
165,30,50,すてみタックル
166,20,1,たいあたり
166,40,1,ちょうおんぱ
166,50,8,ちょうおんぱ
166,10,15,れんぞくパンチ
166,70,24,ひかりのかべ
166,80,24,リフレクター
166,100,24,しんぴのまもり
166,110,33,バトンタッチ
166,90,42,スピードスター
166,60,51,こうそくいどう
166,30,60,すてみタックル
167,10,1,どくばり
167,20,1,いとをはく
167,100,6,こわいかお
167,60,11,からみつく
167,50,17,ナイトヘッド
167,70,23,きゅうけつ
167,80,30,みだれひっかき
167,90,37,クモのす
167,40,45,こうそくいどう
167,30,53,サイコキネシス
168,10,1,どくばり
168,20,1,いとをはく
168,60,1,からみつく
168,110,1,こわいかお
168,120,6,こわいかお
168,70,11,からみつく
168,50,17,ナイトヘッド
168,80,25,きゅうけつ
168,90,34,みだれひっかき
168,100,43,クモのす
168,40,53,こうそくいどう
168,30,63,サイコキネシス
169,30,1,ちょうおんぱ
169,50,1,いやなおと
169,80,1,きゅうけつ
169,110,1,おどろかす
169,120,6,おどろかす
169,40,11,ちょうおんぱ
169,20,16,かみつく
169,10,21,つばさでうつ
169,60,28,あやしいひかり
169,130,35,エアカッター
169,90,42,くろいまなざし
169,100,49,どくどくのキバ
169,70,56,くろいきり
170,50,1,でんじは
170,70,1,あわ
170,20,5,ちょうおんぱ
170,80,13,じたばた
170,30,17,みずでっぽう
170,90,25,スパーク
170,60,29,あやしいひかり
170,10,37,とっしん
170,40,41,ハイドロポンプ
170,100,49,じゅうでん
171,20,1,ちょうおんぱ
171,60,1,でんじは
171,80,1,あわ
171,30,5,ちょうおんぱ
171,90,13,じたばた
171,40,17,みずでっぽう
171,100,25,スパーク
171,70,32,あやしいひかり
171,10,43,とっしん
171,50,50,ハイドロポンプ
171,110,61,じゅうでん
172,20,1,でんきショック
172,50,1,あまえる
172,10,6,しっぽをふる
172,30,8,でんじは
172,40,11,てんしのキッス
173,10,1,はたく
173,40,1,あまえる
173,50,4,アンコール
173,20,8,うたう
173,30,13,てんしのキッス
173,60,17,マジカルリーフ
174,20,1,うたう
174,50,1,あまえる
174,30,4,まるくなる
174,10,9,はたく
174,40,14,てんしのキッス
175,20,1,なきごえ
175,50,1,あまえる
175,30,4,ゆびをふる
175,40,9,てんしのキッス
175,120,13,あくび
175,80,17,アンコール
175,90,21,げんしのちから
175,100,25,このゆびとまれ
175,110,29,ねがいごと
175,60,33,しんぴのまもり
175,10,37,すてみタックル
175,70,41,バトンタッチ
176,20,1,なきごえ
176,30,1,ゆびをふる
176,50,1,てんしのキッス
176,70,1,あまえる
176,150,1,マジカルリーフ
176,40,4,ゆびをふる
176,60,9,てんしのキッス
176,140,13,あくび
176,100,17,アンコール
176,110,21,げんしのちから
176,120,25,このゆびとまれ
176,130,29,ねがいごと
176,80,33,しんぴのまもり
176,10,37,すてみタックル
176,90,41,バトンタッチ
177,10,1,にらみつける
177,20,1,つつく
177,50,10,ナイトヘッド
177,40,20,テレポート
177,70,30,みらいよち
177,80,30,ねがいごと
177,60,40,あやしいひかり
177,30,50,サイコキネシス
178,10,1,にらみつける
178,20,1,つつく
178,50,10,ナイトヘッド
178,40,20,テレポート
178,70,35,みらいよち
178,80,35,ねがいごと
178,60,50,あやしいひかり
178,30,65,サイコキネシス
179,10,1,たいあたり
179,20,1,なきごえ
179,30,9,でんきショック
179,40,16,でんじは
179,70,23,わたほうし
179,60,30,ひかりのかべ
179,50,37,かみなり
180,10,1,たいあたり
180,20,1,なきごえ
180,30,1,でんきショック
180,40,9,でんきショック
180,50,18,でんじは
180,80,27,わたほうし
180,70,36,ひかりのかべ
180,60,45,かみなり
181,20,1,たいあたり
181,30,1,なきごえ
181,40,1,でんきショック
181,60,1,でんじは
181,50,9,でんきショック
181,70,18,でんじは
181,100,27,わたほうし
181,10,30,かみなりパンチ
181,90,42,ひかりのかべ
181,80,57,かみなり
182,10,1,すいとる
182,30,1,しびれごな
182,50,1,あまいかおり
182,60,1,マジカルリーフ
182,40,44,はなびらのまい
182,20,55,ソーラービーム
183,10,1,たいあたり
183,70,3,まるくなる
183,30,6,しっぽをふる
183,40,10,みずでっぽう
183,80,15,ころがる
183,60,21,バブルこうせん
183,20,28,すてみタックル
183,90,36,あまごい
183,50,45,ハイドロポンプ
184,10,1,たいあたり
184,30,1,しっぽをふる
184,50,1,みずでっぽう
184,90,1,まるくなる
184,100,3,まるくなる
184,40,6,しっぽをふる
184,60,10,みずでっぽう
184,110,15,ころがる
184,80,24,バブルこうせん
184,20,34,すてみタックル
184,120,45,あまごい
184,70,57,ハイドロポンプ
185,40,1,いわおとし
185,50,1,ものまね
185,70,9,じたばた
185,30,17,けたぐり
185,60,25,いわなだれ
185,90,33,とおせんぼう
185,80,41,だましうち
185,10,49,たたきつける
185,20,57,すてみタックル
186,10,1,おうふくビンタ
186,20,1,みずでっぽう
186,30,1,さいみんじゅつ
186,40,1,ほろびのうた
186,50,35,ほろびのうた
186,60,51,いばる
187,80,1,はねる
187,20,5,しっぽをふる
187,100,5,こうごうせい
187,10,10,たいあたり
187,50,13,どくのこな
187,60,15,しびれごな
187,70,17,ねむりごな
187,40,20,やどりぎのタネ
187,90,25,わたほうし
187,30,30,メガドレイン
188,10,1,たいあたり
188,30,1,しっぽをふる
188,100,1,はねる
188,120,1,こうごうせい
188,40,5,しっぽをふる
188,130,5,こうごうせい
188,20,10,たいあたり
188,70,13,どくのこな
188,80,15,しびれごな
188,90,17,ねむりごな
188,60,22,やどりぎのタネ
188,110,29,わたほうし
188,50,36,メガドレイン
189,10,1,たいあたり
189,30,1,しっぽをふる
189,100,1,はねる
189,120,1,こうごうせい
189,40,5,しっぽをふる
189,130,5,こうごうせい
189,20,10,たいあたり
189,70,13,どくのこな
189,80,15,しびれごな
189,90,17,ねむりごな
189,60,22,やどりぎのタネ
189,110,33,わたほうし
189,50,44,メガドレイン
190,10,1,ひっかく
190,30,1,しっぽをふる
190,20,6,すなかけ
190,90,13,おどろかす
190,80,18,バトンタッチ
190,100,25,くすぐる
190,70,31,みだれひっかき
190,60,38,スピードスター
190,50,43,いやなおと
190,40,50,こうそくいどう
191,10,1,すいとる
191,30,6,せいちょう
191,20,13,メガドレイン
191,70,18,ねをはる
191,80,25,がむしゃら
191,60,30,にほんばれ
191,50,37,こうごうせい
191,40,42,ギガドレイン
192,10,1,はたく
192,20,1,すいとる
192,30,6,せいちょう
192,40,13,はっぱカッター
192,80,18,ねをはる
192,90,25,タネマシンガン
192,70,30,にほんばれ
192,60,37,はなびらのまい
192,50,42,ソーラービーム
193,20,1,たいあたり
193,90,1,みやぶる
193,60,6,でんこうせっか
193,80,12,かげぶんしん
193,40,17,ソニックブーム
193,50,23,さいみんじゅつ
193,100,28,みきり
193,110,34,さわぐ
193,10,39,つばさでうつ
193,30,45,ちょうおんぱ
193,70,50,いやなおと
194,20,1,しっぽをふる
194,40,1,みずでっぽう
194,10,11,たたきつける
194,100,16,マッドショット
194,70,21,ドわすれ
194,90,31,あくび
194,50,36,じしん
194,80,41,あまごい
194,30,51,しろいきり
194,60,51,くろいきり
195,20,1,しっぽをふる
195,40,1,みずでっぽう
195,10,11,たたきつける
195,100,16,マッドショット
195,70,23,ドわすれ
195,90,35,あくび
195,50,42,じしん
195,80,49,あまごい
195,30,61,しろいきり
195,60,61,くろいきり
196,20,1,たいあたり
196,30,1,しっぽをふる
196,110,1,てだすけ
196,10,8,すなかけ
196,50,16,ねんりき
196,70,23,でんこうせっか
196,80,30,スピードスター
196,40,36,サイケこうせん
196,100,42,じこあんじ
196,60,47,サイコキネシス
196,90,52,あさのひざし
197,20,1,たいあたり
197,30,1,しっぽをふる
197,110,1,てだすけ
197,10,8,すなかけ
197,90,16,おいうち
197,40,23,でんこうせっか
197,60,30,あやしいひかり
197,70,36,だましうち
197,80,42,くろいまなざし
197,50,47,いやなおと
197,100,52,つきのひかり
198,10,1,つつく
198,80,9,おどろかす
198,60,14,おいうち
198,30,22,くろいきり
198,20,27,ナイトヘッド
198,40,35,だましうち
198,70,40,ちょうはつ
198,50,48,くろいまなざし
199,20,1,たいあたり
199,80,1,のろい
199,110,1,あくび
199,30,6,なきごえ
199,50,13,みずでっぽう
199,60,17,ねんりき
199,40,24,かなしばり
199,10,29,ずつき
199,90,36,いばる
199,70,40,サイコキネシス
199,100,47,じこあんじ
200,10,1,なきごえ
200,40,1,サイコウェーブ
200,50,6,うらみ
200,100,11,おどろかす
200,30,17,あやしいひかり
200,70,23,くろいまなざし
200,20,30,サイケこうせん
200,80,37,いたみわけ
200,60,45,ほろびのうた
200,90,53,おんねん
201,10,1,めざめるパワー
202,10,1,カウンター
202,20,1,みちづれ
202,30,1,しんぴのまもり
202,40,1,ミラーコート
203,20,1,たいあたり
203,30,1,なきごえ
203,90,7,おどろかす
203,50,13,ねんりき
203,10,19,ふみつけ
203,100,25,かぎわける
203,60,31,こうそくいどう
203,70,37,バトンタッチ
203,40,43,サイケこうせん
203,80,49,かみくだく
204,10,1,たいあたり
204,70,1,まもる
204,50,8,じばく
204,20,15,とっしん
204,90,22,こうそくスピン
204,40,29,がまん
204,60,36,だいばくはつ
204,80,43,まきびし
204,30,50,すてみタックル
205,10,1,たいあたり
205,50,1,じばく
205,80,1,まもる
205,60,8,じばく
205,20,15,とっしん
205,110,22,こうそくスピン
205,40,29,がまん
205,100,31,でんじほう
205,70,39,だいばくはつ
205,90,49,まきびし
205,30,59,すてみタックル
206,20,1,いかり
206,40,4,まるくなる
206,100,11,あくび
206,50,14,へびにらみ
206,80,21,ころがる
206,70,24,うらみ
206,90,31,おいうち
206,30,34,いやなおと
206,10,41,とっしん
206,60,44,じたばた
206,110,51,がむしゃら
207,30,1,どくばり
207,20,6,すなかけ
207,60,13,かたくなる
207,40,20,でんこうせっか
207,80,28,だましうち
207,70,36,きりさく
207,50,44,いやなおと
207,10,52,ハサミギロチン
208,30,1,たいあたり
208,70,1,いやなおと
208,10,8,しめつける
208,50,12,いわおとし
208,80,19,かたくなる
208,60,23,いかり
208,100,30,りゅうのいぶき
208,90,34,すなあらし
208,20,41,たたきつける
208,110,45,アイアンテール
208,120,52,かみくだく
208,40,56,すてみタックル
209,10,1,たいあたり
209,80,1,こわいかお
209,30,4,しっぽをふる
209,90,8,あまえる
209,40,13,かみつく
209,70,19,したでなめる
209,50,26,ほえる
209,60,34,いかり
209,20,43,とっしん
209,100,53,かみくだく
210,10,1,たいあたり
210,80,1,こわいかお
210,30,4,しっぽをふる
210,90,8,あまえる
210,40,13,かみつく
210,70,19,したでなめる
210,50,28,ほえる
210,60,38,いかり
210,20,49,とっしん
210,100,61,かみくだく
211,10,1,たいあたり
211,30,1,どくばり
211,90,1,まきびし
211,70,9,かたくなる
211,80,9,ちいさくなる
211,50,13,みずでっぽう
211,40,21,ミサイルばり
211,110,25,リベンジ
211,20,33,とっしん
211,60,37,ハイドロポンプ
211,100,45,みちづれ
212,20,1,にらみつける
212,40,1,でんこうせっか
212,50,6,きあいだめ
212,90,11,おいうち
212,70,16,みねうち
212,30,21,こうそくいどう
212,100,26,メタルクロー
212,60,31,きりさく
212,10,36,つるぎのまい
212,110,41,てっぺき
212,80,46,れんぞくぎり
213,20,1,からにこもる
213,40,1,からみつく
213,10,9,まきつく
213,70,14,アンコール
213,60,23,しんぴのまもり
213,30,28,がまん
213,50,37,ねむる
214,30,1,たいあたり
214,50,1,にらみつける
214,10,6,つのでつく
214,80,11,こらえる
214,20,17,みだれづき
214,100,23,かわらわり
214,60,30,カウンター
214,40,37,とっしん
214,70,45,きしかいせい
214,90,53,メガホーン
215,10,1,ひっかく
215,20,1,にらみつける
215,120,1,ちょうはつ
215,40,8,でんこうせっか
215,50,15,いやなおと
215,80,22,だましうち
215,60,29,みだれひっかき
215,30,36,こうそくいどう
215,90,43,こごえるかぜ
215,70,50,きりさく
215,110,57,ふくろだたき
215,100,64,メタルクロー
216,10,1,ひっかく
216,30,1,にらみつける
216,40,7,したでなめる
216,50,13,みだれひっかき
216,100,19,うそなき
216,90,25,だましうち
216,60,31,ねむる
216,70,37,きりさく
216,80,43,いびき
216,20,49,あばれる
217,10,1,ひっかく
217,30,1,にらみつける
217,40,1,したでなめる
217,60,1,みだれひっかき
217,50,7,したでなめる
217,70,13,みだれひっかき
217,120,19,うそなき
217,110,25,だましうち
217,80,31,ねむる
217,90,37,きりさく
217,100,43,いびき
217,20,49,あばれる
218,60,1,スモッグ
218,90,1,あくび
218,20,8,ひのこ
218,40,15,いわおとし
218,50,22,かたくなる
218,70,29,ドわすれ
218,30,36,かえんほうしゃ
218,80,43,いわなだれ
218,10,50,のしかかり
219,20,1,ひのこ
219,50,1,いわおとし
219,80,1,スモッグ
219,110,1,あくび
219,30,8,ひのこ
219,60,15,いわおとし
219,70,22,かたくなる
219,90,29,ドわすれ
219,40,36,かえんほうしゃ
219,100,48,いわなだれ
219,10,60,のしかかり
220,10,1,たいあたり
220,80,1,かぎわける
220,60,10,こなゆき
220,70,19,こらえる
220,20,28,とっしん
220,30,37,しろいきり
220,40,46,ふぶき
220,50,55,ドわすれ
221,10,1,つのでつく
221,70,1,こなゆき
221,90,1,こらえる
221,110,1,かぎわける
221,80,10,こなゆき
221,100,19,こらえる
221,30,28,とっしん
221,20,33,みだれづき
221,40,42,しろいきり
221,50,56,ふぶき
221,60,70,ドわすれ
222,10,1,たいあたり
222,40,6,かたくなる
222,60,12,あわ
222,30,17,じこさいせい
222,90,17,リフレッシュ
222,20,23,バブルこうせん
222,50,28,とげキャノン
222,100,34,ロックブラスト
222,70,39,ミラーコート
222,80,45,げんしのちから
223,10,1,みずでっぽう
223,80,11,ロックオン
223,30,22,サイケこうせん
223,40,22,バブルこうせん
223,50,22,オーロラビーム
223,70,33,きあいだめ
223,20,44,れいとうビーム
223,60,55,はかいこうせん
224,10,1,みずでっぽう
224,80,11,からみつく
224,30,22,サイケこうせん
224,40,22,バブルこうせん
224,50,22,オーロラビーム
224,90,25,オクタンほう
224,70,38,きあいだめ
224,20,54,れいとうビーム
224,60,70,はかいこうせん
225,10,1,プレゼント
226,20,1,たいあたり
226,80,1,あわ
226,40,8,ちょうおんぱ
226,50,15,バブルこうせん
226,30,22,とっしん
226,60,29,こうそくいどう
226,10,36,つばさでうつ
226,90,43,みずのはどう
226,70,50,あやしいひかり
227,30,1,にらみつける
227,40,1,つつく
227,10,10,すなかけ
227,60,13,スピードスター
227,50,16,こうそくいどう
227,20,26,みだれづき
227,90,29,エアカッター
227,80,32,はがねのつばさ
227,70,42,まきびし
227,100,45,きんぞくおん
228,10,1,にらみつける
228,40,1,ひのこ
228,100,7,とおぼえ
228,60,13,スモッグ
228,30,19,ほえる
228,20,25,かみつく
228,90,31,かぎわける
228,70,37,だましうち
228,50,43,かえんほうしゃ
228,80,49,かみくだく
229,10,1,にらみつける
229,40,1,ひのこ
229,100,1,とおぼえ
229,110,7,とおぼえ
229,60,13,スモッグ
229,30,19,ほえる
229,20,27,かみつく
229,90,35,かぎわける
229,70,43,だましうち
229,50,51,かえんほうしゃ
229,80,59,かみくだく
230,10,1,にらみつける
230,30,1,みずでっぽう
230,70,1,えんまく
230,90,1,あわ
230,80,8,えんまく
230,20,15,にらみつける
230,40,22,みずでっぽう
230,100,29,たつまき
230,60,40,こうそくいどう
230,50,51,ハイドロポンプ
230,110,62,りゅうのまい
231,10,1,たいあたり
231,40,1,なきごえ
231,90,1,かぎわける
231,50,9,まるくなる
231,60,17,じたばた
231,20,25,とっしん
231,80,33,ころがる
231,70,41,こらえる
231,30,49,すてみタックル
232,10,1,つのでつく
232,30,1,なきごえ
232,90,1,かぎわける
232,50,9,まるくなる
232,60,17,じたばた
232,20,25,みだれづき
232,70,33,ころがる
232,80,41,こうそくスピン
232,40,49,じしん
233,10,1,たいあたり
233,60,1,テクスチャー
233,80,1,テクスチャー２
233,30,9,こうそくいどう
233,20,12,サイケこうせん
233,40,20,じこさいせい
233,50,24,まるくなる
233,100,32,ロックオン
233,70,36,トライアタック
233,110,44,リサイクル
233,90,48,でんじほう
234,30,1,たいあたり
234,50,7,にらみつける
234,90,11,おどろかす
234,60,17,さいみんじゅつ
234,10,21,ふみつけ
234,20,27,すなかけ
234,80,31,なりきり
234,40,37,とっしん
234,70,41,あやしいひかり
234,100,47,めいそう
235,10,1,スケッチ
235,20,11,スケッチ
235,30,21,スケッチ
235,40,31,スケッチ
235,50,41,スケッチ
235,60,51,スケッチ
235,70,61,スケッチ
235,80,71,スケッチ
235,90,81,スケッチ
235,100,91,スケッチ
236,10,1,たいあたり
237,10,1,まわしげり
237,100,1,リベンジ
237,50,7,きあいだめ
237,80,13,おいうち
237,40,19,でんこうせっか
237,60,20,トリプルキック
237,90,25,こうそくスピン
237,20,31,カウンター
237,30,37,こうそくいどう
237,70,43,みきり
237,110,49,がむしゃら
238,10,1,はたく
238,60,1,したでなめる
238,80,9,てんしのキッス
238,70,13,こなゆき
238,40,21,ねんりき
238,20,25,うたう
238,100,33,くろいまなざし
238,110,37,うそなき
238,50,45,サイコキネシス
238,90,49,ほろびのうた
238,30,57,ふぶき
239,20,1,にらみつける
239,50,1,でんこうせっか
239,10,9,かみなりパンチ
239,70,17,ひかりのかべ
239,80,25,スピードスター
239,60,33,いやなおと
239,30,41,１０まんボルト
239,40,49,かみなり
240,30,1,ひのこ
240,20,7,にらみつける
240,70,13,スモッグ
240,10,19,ほのおのパンチ
240,50,25,えんまく
240,90,31,にほんばれ
240,40,37,かえんほうしゃ
240,60,43,あやしいひかり
240,80,49,だいもんじ
241,20,1,たいあたり
241,40,4,なきごえ
241,50,8,まるくなる
241,10,13,ふみつけ
241,80,19,ミルクのみ
241,60,26,がまん
241,70,34,ころがる
241,30,43,のしかかり
241,90,53,いやしのすず
242,10,1,はたく
242,50,1,なきごえ
242,40,4,しっぽをふる
242,120,7,リフレッシュ
242,110,10,タマゴうみ
242,20,13,おうふくビンタ
242,70,18,ちいさくなる
242,60,23,うたう
242,100,28,タマゴばくだん
242,80,33,まるくなる
242,90,40,ひかりのかべ
242,30,47,すてみタックル
243,10,1,にらみつける
243,20,1,かみつく
243,40,11,でんきショック
243,30,21,ほえる
243,60,31,でんこうせっか
243,80,41,スパーク
243,70,51,リフレクター
243,90,61,かみくだく
243,50,71,かみなり
243,100,81,めいそう
244,20,1,にらみつける
244,30,1,かみつく
244,50,11,ひのこ
244,40,21,ほえる
244,70,31,ほのおのうず
244,10,41,ふみつけ
244,60,51,かえんほうしゃ
244,90,61,いばる
244,80,71,だいもんじ
244,100,81,めいそう
245,20,1,にらみつける
245,30,1,かみつく
245,60,11,バブルこうせん
245,80,21,あまごい
245,10,31,かぜおこし
245,70,41,オーロラビーム
245,40,51,しろいきり
245,90,61,ミラーコート
245,50,71,ハイドロポンプ
245,100,81,めいそう
246,20,1,にらみつける
246,30,1,かみつく
246,90,8,すなあらし
246,60,15,いやなおと
246,70,22,いわなだれ
246,10,29,あばれる
246,80,36,こわいかお
246,100,43,かみくだく
246,50,50,じしん
246,40,57,はかいこうせん
247,20,1,にらみつける
247,30,1,かみつく
247,60,1,いやなおと
247,100,1,すなあらし
247,110,8,すなあらし
247,70,15,いやなおと
247,80,22,いわなだれ
247,10,29,あばれる
247,90,38,こわいかお
247,120,47,かみくだく
247,50,56,じしん
247,40,65,はかいこうせん
248,20,1,にらみつける
248,30,1,かみつく
248,60,1,いやなおと
248,100,1,すなあらし
248,110,8,すなあらし
248,70,15,いやなおと
248,80,22,いわなだれ
248,10,29,あばれる
248,90,38,こわいかお
248,120,47,かみくだく
248,50,61,じしん
248,40,75,はかいこうせん
249,20,1,ふきとばし
249,70,11,しんぴのまもり
249,10,22,かぜおこし
249,40,33,じこさいせい
249,30,44,ハイドロポンプ
249,80,55,あまごい
249,50,66,スピードスター
249,60,77,エアロブラスト
249,90,88,げんしのちから
249,100,99,みらいよち
250,20,1,ふきとばし
250,60,11,しんぴのまもり
250,10,22,かぜおこし
250,30,33,じこさいせい
250,40,44,だいもんじ
250,80,55,にほんばれ
250,50,66,スピードスター
250,70,77,せいなるほのお
250,90,88,げんしのちから
250,100,99,みらいよち
251,10,1,やどりぎのタネ
251,20,1,ねんりき
251,30,1,じこさいせい
251,50,1,いやしのすず
251,60,10,しんぴのまもり
251,80,20,げんしのちから
251,90,30,みらいよち
251,70,40,バトンタッチ
251,40,50,ほろびのうた
252,10,1,はたく
252,30,1,にらみつける
252,40,6,すいとる
252,70,11,でんこうせっか
252,110,16,おいうち
252,80,21,いやなおと
252,50,26,メガドレイン
252,60,31,こうそくいどう
252,20,36,たたきつける
252,90,41,みきり
252,100,46,ギガドレイン
253,10,1,はたく
253,30,1,にらみつける
253,40,1,すいとる
253,70,1,でんこうせっか
253,50,6,すいとる
253,80,11,でんこうせっか
253,120,16,れんぞくぎり
253,130,17,おいうち
253,90,23,いやなおと
253,140,29,リーフブレード
253,60,35,こうそくいどう
253,20,41,たたきつける
253,100,47,みきり
253,110,53,みねうち
254,10,1,はたく
254,30,1,にらみつける
254,40,1,すいとる
254,70,1,でんこうせっか
254,50,6,すいとる
254,80,11,でんこうせっか
254,120,16,れんぞくぎり
254,130,17,おいうち
254,90,23,いやなおと
254,140,29,リーフブレード
254,60,35,こうそくいどう
254,20,43,たたきつける
254,100,51,みきり
254,110,59,みねうち
255,10,1,ひっかく
255,30,1,なきごえ
255,90,7,きあいだめ
255,40,10,ひのこ
255,60,16,つつく
255,20,19,すなかけ
255,70,25,ほのおのうず
255,80,28,でんこうせっか
255,110,34,きりさく
255,100,37,オウムがえし
255,50,43,かえんほうしゃ
256,10,1,ひっかく
256,40,1,なきごえ
256,50,1,ひのこ
256,90,1,きあいだめ
256,100,7,きあいだめ
256,60,13,ひのこ
256,20,16,にどげり
256,70,17,つつく
256,30,21,すなかけ
256,140,28,ビルドアップ
256,80,32,でんこうせっか
256,120,39,きりさく
256,110,43,オウムがえし
256,130,50,スカイアッパー
257,10,1,ほのおのパンチ
257,20,1,ひっかく
257,50,1,なきごえ
257,60,1,ひのこ
257,100,1,きあいだめ
257,110,7,きあいだめ
257,70,13,ひのこ
257,30,16,にどげり
257,80,17,つつく
257,40,21,すなかけ
257,160,28,ビルドアップ
257,90,32,でんこうせっか
257,140,36,ブレイズキック
257,130,42,きりさく
257,120,49,オウムがえし
257,150,59,スカイアッパー
258,10,1,たいあたり
258,30,1,なきごえ
258,80,6,どろかけ
258,40,10,みずでっぽう
258,60,15,がまん
258,90,19,みやぶる
258,120,24,どろあそび
258,20,28,とっしん
258,100,33,うずしお
258,70,37,まもる
258,50,42,ハイドロポンプ
258,110,46,がむしゃら
259,10,1,たいあたり
259,30,1,なきごえ
259,40,1,みずでっぽう
259,90,1,どろかけ
259,100,6,どろかけ
259,50,10,みずでっぽう
259,70,15,がまん
259,150,16,マッドショット
259,110,20,みやぶる
259,130,25,どろあそび
259,20,31,とっしん
259,140,37,だくりゅう
259,80,42,まもる
259,60,46,じしん
259,120,53,がむしゃら
260,10,1,たいあたり
260,30,1,なきごえ
260,40,1,みずでっぽう
260,90,1,どろかけ
260,100,6,どろかけ
260,50,10,みずでっぽう
260,70,15,がまん
260,150,16,マッドショット
260,110,20,みやぶる
260,130,25,どろあそび
260,20,31,とっしん
260,140,39,だくりゅう
260,80,46,まもる
260,60,52,じしん
260,120,61,がむしゃら
261,20,1,たいあたり
261,120,5,とおぼえ
261,10,9,すなかけ
261,40,13,かみつく
261,110,17,かぎわける
261,50,21,ほえる
261,80,25,いばる
261,70,29,こわいかお
261,30,33,とっしん
261,100,37,ちょうはつ
261,90,41,かみくだく
261,60,45,どろぼう
262,10,1,すなかけ
262,30,1,たいあたり
262,50,1,かみつく
262,140,1,とおぼえ
262,150,5,とおぼえ
262,20,9,すなかけ
262,60,13,かみつく
262,130,17,かぎわける
262,70,22,ほえる
262,100,27,いばる
262,90,32,こわいかお
262,40,37,とっしん
262,120,42,ちょうはつ
262,110,47,かみくだく
262,80,52,どろぼう
263,30,1,たいあたり
263,60,1,なきごえ
263,40,5,しっぽをふる
263,20,9,ずつき
263,10,13,すなかけ
263,110,17,かぎわける
263,100,21,どろあそび
263,50,25,ミサイルばり
263,120,29,ほしがる
263,80,33,じたばた
263,70,37,ねむる
263,90,41,はらだいこ
264,20,1,ずつき
264,40,1,たいあたり
264,50,1,しっぽをふる
264,70,1,なきごえ
264,60,5,しっぽをふる
264,30,9,ずつき
264,10,13,すなかけ
264,130,17,かぎわける
264,120,23,どろあそび
264,80,29,みだれひっかき
264,140,35,ほしがる
264,100,41,きりさく
264,90,47,ねむる
264,110,53,はらだいこ
265,10,1,たいあたり
265,30,1,いとをはく
265,20,5,どくばり
266,10,1,かたくなる
266,20,7,かたくなる
267,30,1,すいとる
267,40,10,すいとる
267,10,13,かぜおこし
267,60,17,しびれごな
267,90,20,あさのひざし
267,50,24,メガドレイン
267,20,27,ふきとばし
267,80,31,メロメロ
267,100,34,ぎんいろのかぜ
267,70,38,ギガドレイン
268,10,1,かたくなる
268,20,7,かたくなる
269,50,1,ねんりき
269,60,10,ねんりき
269,10,13,かぜおこし
269,80,17,まもる
269,90,20,つきのひかり
269,30,24,サイケこうせん
269,20,27,ふきとばし
269,70,31,ひかりのかべ
269,100,34,ぎんいろのかぜ
269,40,38,どくどく
270,70,1,おどろかす
270,10,3,なきごえ
270,30,7,すいとる
270,60,13,しぜんのちから
270,20,21,しろいきり
270,50,31,あまごい
270,40,43,メガドレイン
271,90,1,おどろかす
271,10,3,なきごえ
271,30,7,すいとる
271,80,13,しぜんのちから
271,60,19,ねこだまし
271,40,25,みだれひっかき
271,100,31,みずあそび
271,50,37,どろぼう
271,70,43,さわぐ
271,20,49,ハイドロポンプ
272,10,1,なきごえ
272,20,1,すいとる
272,30,1,しぜんのちから
272,40,1,おどろかす
273,30,1,がまん
273,20,3,かたくなる
273,10,7,せいちょう
273,70,13,しぜんのちから
273,50,21,こうごうせい
273,60,31,にほんばれ
273,40,43,だいばくはつ
274,10,1,はたく
274,40,3,かたくなる
274,30,7,せいちょう
274,90,13,しぜんのちから
274,70,19,ねこだまし
274,80,25,いちゃもん
274,50,31,だましうち
274,20,37,かまいたち
274,60,43,いばる
274,100,49,じんつうりき
275,10,1,はたく
275,20,1,せいちょう
275,30,1,かたくなる
275,40,1,しぜんのちから
276,20,1,なきごえ
276,30,1,つつく
276,70,4,きあいだめ
276,50,8,でんこうせっか
276,10,13,つばさでうつ
276,60,19,かげぶんしん
276,80,26,がむしゃら
276,90,34,つばめがえし
276,40,43,こうそくいどう
277,20,1,なきごえ
277,30,1,つつく
277,50,1,でんこうせっか
277,80,1,きあいだめ
277,90,4,きあいだめ
277,60,8,でんこうせっか
277,10,13,つばさでうつ
277,70,19,かげぶんしん
277,100,28,がむしゃら
277,110,38,つばめがえし
277,40,49,こうそくいどう
278,20,1,なきごえ
278,50,1,みずでっぽう
278,30,7,ちょうおんぱ
278,10,13,つばさでうつ
278,40,21,しろいきり
278,70,31,でんこうせっか
278,80,43,おいうち
278,60,55,こうそくいどう
279,10,1,つばさでうつ
279,30,1,なきごえ
279,60,1,みずでっぽう
279,130,1,みずあそび
279,70,3,みずでっぽう
279,40,7,ちょうおんぱ
279,20,13,つばさでうつ
279,50,21,しろいきり
279,90,25,まもる
279,100,33,たくわえる
279,120,33,のみこむ
279,110,47,はきだす
279,80,61,ハイドロポンプ
280,10,1,なきごえ
280,20,6,ねんりき
280,60,11,かげぶんしん
280,50,16,テレポート
280,100,21,めいそう
280,30,26,サイコキネシス
280,90,31,ふういん
280,80,36,みらいよち
280,40,41,さいみんじゅつ
280,70,46,ゆめくい
281,10,1,なきごえ
281,20,1,ねんりき
281,60,1,テレポート
281,80,1,かげぶんしん
281,130,1,マジカルリーフ
281,30,6,ねんりき
281,90,11,かげぶんしん
281,70,16,テレポート
281,140,21,めいそう
281,40,26,サイコキネシス
281,120,33,ふういん
281,110,40,みらいよち
281,50,47,さいみんじゅつ
281,100,54,ゆめくい
282,10,1,なきごえ
282,20,1,ねんりき
282,60,1,テレポート
282,80,1,かげぶんしん
282,30,6,ねんりき
282,90,11,かげぶんしん
282,70,16,テレポート
282,130,21,めいそう
282,40,26,サイコキネシス
282,120,33,ふういん
282,110,42,みらいよち
282,50,51,さいみんじゅつ
282,100,60,ゆめくい
283,60,1,あわ
283,40,7,でんこうせっか
283,70,13,あまいかおり
283,80,19,みずあそび
283,20,25,バブルこうせん
283,30,31,こうそくいどう
283,10,37,しろいきり
283,50,37,くろいきり
284,40,1,でんこうせっか
284,60,1,あわ
284,80,1,あまいかおり
284,110,1,みずあそび
284,50,7,でんこうせっか
284,90,13,あまいかおり
284,120,19,みずあそび
284,10,26,かぜおこし
284,70,33,こわいかお
284,30,40,しびれごな
284,100,47,ぎんいろのかぜ
284,20,53,ふきとばし
285,30,1,すいとる
285,20,4,たいあたり
285,80,7,しびれごな
285,50,10,やどりぎのタネ
285,40,16,メガドレイン
285,10,22,ずつき
285,70,28,どくのこな
285,60,36,せいちょう
285,100,45,ギガドレイン
285,90,54,キノコのほうし
286,20,1,たいあたり
286,50,1,すいとる
286,70,1,やどりぎのタネ
286,90,1,しびれごな
286,30,4,たいあたり
286,100,7,しびれごな
286,80,10,やどりぎのタネ
286,60,16,メガドレイン
286,10,22,ずつき
286,120,23,マッハパンチ
286,40,28,カウンター
286,140,36,スカイアッパー
286,110,45,こころのめ
286,130,54,ばくれつパンチ
287,10,1,ひっかく
287,70,1,あくび
287,60,7,アンコール
287,80,13,なまける
287,50,19,だましうち
287,30,25,ドわすれ
287,90,31,ほしがる
287,20,37,カウンター
287,40,43,じたばた
288,10,1,ひっかく
288,30,1,きあいだめ
288,80,1,アンコール
288,100,1,さわぐ
288,90,7,アンコール
288,110,13,さわぐ
288,40,19,みだれひっかき
288,70,25,こらえる
288,50,31,きりさく
288,20,37,カウンター
288,120,43,きあいパンチ
288,60,49,きしかいせい
289,10,1,ひっかく
289,70,1,アンコール
289,90,1,あくび
289,100,1,なまける
289,80,7,アンコール
289,110,13,なまける
289,50,19,だましうち
289,30,25,ドわすれ
289,120,31,ほしがる
289,60,36,いばる
289,20,37,カウンター
289,40,43,じたばた
290,10,1,ひっかく
290,40,1,かたくなる
290,50,5,きゅうけつ
290,20,9,すなかけ
290,60,14,みだれひっかき
290,70,19,こころのめ
290,90,25,みねうち
290,80,31,どろかけ
290,100,38,メタルクロー
290,30,45,あなをほる
291,10,1,ひっかく
291,30,1,すなかけ
291,80,1,かたくなる
291,90,1,きゅうけつ
291,100,5,きゅうけつ
291,40,9,すなかけ
291,110,14,みだれひっかき
291,130,19,こころのめ
291,60,20,いやなおと
291,70,20,かげぶんしん
291,140,20,れんぞくぎり
291,20,25,つるぎのまい
291,120,31,きりさく
291,50,38,こうそくいどう
291,150,45,バトンタッチ
292,10,1,ひっかく
292,30,1,かたくなる
292,50,5,きゅうけつ
292,20,9,すなかけ
292,60,14,みだれひっかき
292,70,19,こころのめ
292,80,25,うらみ
292,40,31,あやしいひかり
292,90,38,シャドーボール
292,100,45,おんねん
293,10,1,はたく
293,80,5,さわぐ
293,100,11,おどろかす
293,110,15,とおぼえ
293,40,21,ちょうおんぱ
293,20,25,ふみつけ
293,50,31,いやなおと
293,30,35,ほえる
293,60,41,ねむる
293,70,41,ねごと
293,90,45,ハイパーボイス
294,10,1,はたく
294,80,1,さわぐ
294,110,1,おどろかす
294,130,1,とおぼえ
294,90,5,さわぐ
294,120,11,おどろかす
294,140,15,とおぼえ
294,40,23,ちょうおんぱ
294,20,29,ふみつけ
294,50,37,いやなおと
294,30,43,ほえる
294,60,51,ねむる
294,70,51,ねごと
294,100,57,ハイパーボイス
295,10,1,はたく
295,90,1,さわぐ
295,120,1,おどろかす
295,140,1,とおぼえ
295,100,5,さわぐ
295,130,11,おどろかす
295,150,15,とおぼえ
295,40,23,ちょうおんぱ
295,20,29,ふみつけ
295,60,37,いやなおと
295,50,40,はかいこうせん
295,30,45,ほえる
295,70,55,ねむる
295,80,55,ねごと
295,110,63,ハイパーボイス
296,30,1,たいあたり
296,50,1,きあいだめ
296,20,4,すなかけ
296,130,10,つっぱり
296,90,13,あてみなげ
296,100,19,ねこだまし
296,10,22,ふきとばし
296,120,28,はたきおとす
296,110,31,きつけ
296,70,37,はらだいこ
296,80,40,こらえる
296,40,46,ちきゅうなげ
296,60,49,きしかいせい
297,20,1,すなかけ
297,40,1,たいあたり
297,60,1,きあいだめ
297,140,1,つっぱり
297,30,4,すなかけ
297,150,10,つっぱり
297,100,13,あてみなげ
297,110,19,ねこだまし
297,10,22,ふきとばし
297,130,29,はたきおとす
297,120,33,きつけ
297,80,40,はらだいこ
297,90,44,こらえる
297,50,51,ちきゅうなげ
297,70,55,きしかいせい
298,50,1,はねる
298,60,3,あまえる
298,20,6,しっぽをふる
298,40,10,あわ
298,10,15,たたきつける
298,30,21,みずでっぽう
299,10,1,たいあたり
299,40,7,かたくなる
299,30,13,いわおとし
299,100,16,とおせんぼう
299,20,22,でんじは
299,60,28,いわなだれ
299,90,31,すなあらし
299,50,37,ねむる
299,70,43,でんじほう
299,80,46,ロックオン
300,20,1,たいあたり
300,50,1,なきごえ
300,40,3,しっぽをふる
300,90,7,メロメロ
300,60,13,うたう
300,10,15,おうふくビンタ
300,110,19,ねこのて
300,80,25,あまえる
300,70,27,だましうち
300,120,31,ほしがる
300,100,37,いやしのすず
300,30,39,すてみタックル
301,10,1,おうふくビンタ
301,20,1,なきごえ
301,30,1,うたう
301,40,1,メロメロ
302,10,1,ひっかく
302,20,1,にらみつける
302,70,5,みやぶる
302,30,9,ナイトヘッド
302,130,13,おどろかす
302,50,17,みだれひっかき
302,110,21,ねこだまし
302,80,25,みきり
302,60,29,だましうち
302,120,33,はたきおとす
302,40,37,あやしいひかり
302,100,41,シャドーボール
302,90,45,くろいまなざし
303,100,1,おどろかす
303,110,6,うそなき
303,20,11,かみつく
303,50,16,あまいかおり
303,10,21,はさむ
303,30,26,だましうち
303,40,31,バトンタッチ
303,60,36,かみくだく
303,120,41,てっぺき
303,70,46,たくわえる
303,80,46,はきだす
303,90,46,のみこむ
304,20,1,たいあたり
304,60,4,かたくなる
304,80,7,どろかけ
304,10,10,ずつき
304,100,13,メタルクロー
304,120,17,てっぺき
304,50,21,ほえる
304,30,25,とっしん
304,90,29,アイアンテール
304,70,34,まもる
304,110,39,きんぞくおん
304,40,44,すてみタックル
305,10,1,ずつき
305,30,1,たいあたり
305,70,1,かたくなる
305,100,1,どろかけ
305,80,4,かたくなる
305,110,7,どろかけ
305,20,10,ずつき
305,130,13,メタルクロー
305,150,17,てっぺき
305,60,21,ほえる
305,40,25,とっしん
305,120,29,アイアンテール
305,90,37,まもる
305,140,45,きんぞくおん
305,50,53,すてみタックル
306,10,1,ずつき
306,30,1,たいあたり
306,70,1,かたくなる
306,100,1,どろかけ
306,80,4,かたくなる
306,110,7,どろかけ
306,20,10,ずつき
306,130,13,メタルクロー
306,150,17,てっぺき
306,60,21,ほえる
306,40,25,とっしん
306,120,29,アイアンテール
306,90,37,まもる
306,140,50,きんぞくおん
306,50,63,すてみタックル
307,40,1,がまん
307,20,4,ヨガのポーズ
307,10,9,ねんりき
307,80,12,みきり
307,100,17,めざめるパワー
307,90,20,いばる
307,60,25,こころのめ
307,120,28,めいそう
307,50,33,とびひざげり
307,110,36,じこあんじ
307,70,41,きしかいせい
307,30,44,じこさいせい
308,10,1,ほのおのパンチ
308,20,1,れいとうパンチ
308,30,1,かみなりパンチ
308,40,1,ねんりき
308,60,1,ヨガのポーズ
308,90,1,がまん
308,130,1,みきり
308,70,4,ヨガのポーズ
308,50,9,ねんりき
308,140,12,みきり
308,160,17,めざめるパワー
308,150,20,いばる
308,110,25,こころのめ
308,180,28,めいそう
308,100,33,とびひざげり
308,170,36,じこあんじ
308,120,47,きしかいせい
308,80,56,じこさいせい
309,10,1,たいあたり
309,50,4,でんじは
309,20,9,にらみつける
309,110,12,とおぼえ
309,70,17,でんこうせっか
309,80,20,スパーク
309,100,25,かぎわける
309,40,28,ほえる
309,30,33,かみつく
309,60,36,かみなり
309,90,41,じゅうでん
310,10,1,たいあたり
310,20,1,にらみつける
310,60,1,でんじは
310,130,1,とおぼえ
310,70,4,でんじは
310,30,9,にらみつける
310,140,12,とおぼえ
310,90,17,でんこうせっか
310,100,20,スパーク
310,120,25,かぎわける
310,50,31,ほえる
310,40,39,かみつく
310,80,45,かみなり
310,110,53,じゅうでん
311,10,1,なきごえ
311,20,4,でんじは
311,50,10,でんこうせっか
311,100,13,てだすけ
311,60,19,スパーク
311,80,22,アンコール
311,110,28,うそなき
311,90,31,じゅうでん
311,30,37,かみなり
311,70,40,バトンタッチ
311,40,47,こうそくいどう
312,10,1,なきごえ
312,20,4,でんじは
312,50,10,でんこうせっか
312,110,13,てだすけ
312,70,19,スパーク
312,90,22,アンコール
312,60,28,あまえる
312,100,31,じゅうでん
312,30,37,かみなり
312,80,40,バトンタッチ
312,40,47,こうそくいどう
313,10,1,たいあたり
313,50,5,あやしいひかり
313,40,9,かげぶんしん
313,70,13,つきのひかり
313,30,17,でんこうせっか
313,90,21,ほたるび
313,100,25,シグナルビーム
313,60,29,まもる
313,80,33,てだすけ
313,20,37,すてみタックル
314,10,1,たいあたり
314,50,5,あまいかおり
314,30,9,あまえる
314,60,13,つきのひかり
314,20,17,でんこうせっか
314,90,21,ねがいごと
314,40,25,アンコール
314,70,29,おだてる
314,80,33,てだすけ
314,100,37,ほしがる
315,20,1,すいとる
315,50,5,せいちょう
315,10,9,どくばり
315,60,13,しびれごな
315,30,17,メガドレイン
315,40,21,やどりぎのタネ
315,150,25,マジカルリーフ
315,140,29,くさぶえ
315,90,33,ギガドレイン
315,100,37,あまいかおり
315,120,41,ねをはる
315,80,45,どくどく
315,70,49,はなびらのまい
315,130,53,アロマセラピー
315,110,57,こうごうせい
316,10,1,はたく
316,110,6,あくび
316,50,9,どくガス
316,30,14,ヘドロこうげき
316,40,17,ドわすれ
316,70,23,アンコール
316,20,28,どくどく
316,80,34,たくわえる
316,90,34,はきだす
316,100,34,のみこむ
316,60,39,ヘドロばくだん
317,10,1,はたく
317,40,1,ヘドロこうげき
317,70,1,どくガス
317,140,1,あくび
317,150,6,あくび
317,80,9,どくガス
317,50,14,ヘドロこうげき
317,60,17,ドわすれ
317,100,23,アンコール
317,20,26,のしかかり
317,30,31,どくどく
317,110,40,たくわえる
317,120,40,はきだす
317,130,40,のみこむ
317,90,48,ヘドロばくだん
318,20,1,にらみつける
318,30,1,かみつく
318,50,7,いかり
318,70,13,きあいだめ
318,80,16,こわいかお
318,100,22,かみくだく
318,60,28,いやなおと
318,10,31,とっしん
318,90,37,いばる
318,40,43,こうそくいどう
319,10,1,にらみつける
319,20,1,かみつく
319,40,1,いかり
319,70,1,きあいだめ
319,50,7,いかり
319,80,13,きあいだめ
319,110,16,こわいかお
319,130,22,かみくだく
319,60,28,いやなおと
319,100,33,きりさく
319,140,38,ちょうはつ
319,120,43,いばる
319,90,48,ロケットずつき
319,30,53,こうそくいどう
320,60,1,はねる
320,10,5,なきごえ
320,30,10,みずでっぽう
320,80,14,ころがる
320,90,19,うずしお
320,100,23,おどろかす
320,120,28,みずのはどう
320,20,32,しろいきり
320,70,37,ねむる
320,110,41,しおふき
320,50,46,ドわすれ
320,40,50,ハイドロポンプ
321,10,1,なきごえ
321,40,1,みずでっぽう
321,80,1,はねる
321,100,1,ころがる
321,20,5,なきごえ
321,50,10,みずでっぽう
321,110,14,ころがる
321,120,19,うずしお
321,130,23,おどろかす
321,150,28,みずのはどう
321,30,32,しろいきり
321,90,37,ねむる
321,140,44,しおふき
321,70,52,ドわすれ
321,60,59,ハイドロポンプ
322,10,1,たいあたり
322,40,1,なきごえ
322,50,11,ひのこ
322,100,19,マグニチュード
322,80,25,きあいだめ
322,20,29,とっしん
322,90,31,ドわすれ
322,70,35,じしん
322,60,41,かえんほうしゃ
322,30,49,すてみタックル
323,10,1,たいあたり
323,30,1,なきごえ
323,40,1,ひのこ
323,110,1,マグニチュード
323,50,11,ひのこ
323,120,19,マグニチュード
323,80,25,きあいだめ
323,20,29,とっしん
323,90,31,ドわすれ
323,100,33,いわなだれ
323,60,37,じしん
323,130,45,ふんか
323,70,55,じわれ
324,20,1,ひのこ
324,60,4,スモッグ
324,80,7,のろい
324,50,14,えんまく
324,40,17,ほのおのうず
324,10,20,のしかかり
324,100,27,まもる
324,30,30,かえんほうしゃ
324,120,33,てっぺき
324,70,40,ドわすれ
324,90,43,じたばた
324,110,46,ねっぷう
325,50,1,はねる
325,40,7,サイコウェーブ
325,100,10,かぎわける
325,10,16,サイケこうせん
325,80,19,じこあんじ
325,30,25,あやしいひかり
325,90,28,マジックコート
325,20,34,サイコキネシス
325,60,37,ねむる
325,70,37,いびき
325,110,43,とびはねる
326,10,1,サイケこうせん
326,50,1,サイコウェーブ
326,70,1,はねる
326,120,1,かぎわける
326,60,7,サイコウェーブ
326,130,10,かぎわける
326,20,16,サイケこうせん
326,100,19,じこあんじ
326,40,25,あやしいひかり
326,110,28,マジックコート
326,30,37,サイコキネシス
326,80,43,ねむる
326,90,43,いびき
326,140,55,とびはねる
327,10,1,たいあたり
327,100,5,さわぐ
327,80,12,だましうち
327,40,16,サイケこうせん
327,50,23,さいみんじゅつ
327,60,27,ピヨピヨパンチ
327,110,34,フラフラダンス
327,90,38,じこあんじ
327,30,45,すてみタックル
327,70,49,じたばた
327,20,56,あばれる
328,20,1,かみつく
328,10,9,すなかけ
328,50,17,だましうち
328,80,25,すなじごく
328,70,33,かみくだく
328,40,41,あなをほる
328,60,49,すなあらし
328,30,57,はかいこうせん
329,10,1,すなかけ
329,30,1,かみつく
329,60,1,だましうち
329,110,1,すなじごく
329,20,9,すなかけ
329,70,17,だましうち
329,120,25,すなじごく
329,100,33,かみくだく
329,90,35,りゅうのいぶき
329,50,41,いやなおと
329,80,49,すなあらし
329,40,57,はかいこうせん
330,10,1,すなかけ
330,30,1,かみつく
330,60,1,だましうち
330,110,1,すなじごく
330,20,9,すなかけ
330,70,17,だましうち
330,120,25,すなじごく
330,100,33,かみくだく
330,90,35,りゅうのいぶき
330,50,41,いやなおと
330,80,53,すなあらし
330,40,65,はかいこうせん
331,20,1,どくばり
331,40,1,にらみつける
331,50,5,すいとる
331,70,9,せいちょう
331,60,13,やどりぎのタネ
331,10,17,すなかけ
331,30,21,ミサイルばり
331,130,25,ねをはる
331,90,29,だましうち
331,100,33,まきびし
331,140,37,ニードルアーム
331,80,41,わたほうし
331,120,45,すなあらし
331,110,49,みちづれ
332,20,1,どくばり
332,40,1,にらみつける
332,50,1,すいとる
332,80,1,せいちょう
332,160,1,リベンジ
332,60,5,すいとる
332,90,9,せいちょう
332,70,13,やどりぎのタネ
332,10,17,すなかけ
332,30,21,ミサイルばり
332,150,25,ねをはる
332,110,29,だましうち
332,120,35,まきびし
332,170,41,ニードルアーム
332,100,47,わたほうし
332,140,53,すなあらし
332,130,59,みちづれ
333,30,1,なきごえ
333,60,1,つつく
333,110,8,おどろかす
333,40,11,うたう
333,10,18,みだれづき
333,90,21,しんぴのまもり
333,50,28,しろいきり
333,20,31,とっしん
333,70,38,オウムがえし
333,100,41,リフレッシュ
333,80,48,ほろびのうた
334,30,1,なきごえ
334,40,1,うたう
334,70,1,つつく
334,130,1,おどろかす
334,140,8,おどろかす
334,50,11,うたう
334,10,18,みだれづき
334,100,21,しんぴのまもり
334,60,28,しろいきり
334,20,31,とっしん
334,110,35,りゅうのいぶき
334,150,40,りゅうのまい
334,120,45,リフレッシュ
334,90,54,ほろびのうた
334,80,59,ゴッドバード
335,10,1,ひっかく
335,30,4,にらみつける
335,40,7,でんこうせっか
335,20,10,つるぎのまい
335,80,13,れんぞくぎり
335,50,19,きりさく
335,90,25,おいうち
335,110,31,ブレイククロー
335,100,37,ちょうはつ
335,60,46,みきり
335,70,55,みねうち
336,10,1,まきつく
336,50,7,したでなめる
336,20,10,かみつく
336,100,16,ポイズンテール
336,30,19,いやなおと
336,60,25,へびにらみ
336,80,28,かみくだく
336,90,34,どくどくのキバ
336,70,37,いばる
336,40,43,くろいきり
337,10,1,たいあたり
337,60,1,かたくなる
337,30,7,ねんりき
337,20,13,いわおとし
337,50,19,さいみんじゅつ
337,70,25,サイコウェーブ
337,100,31,コスモパワー
337,40,37,サイコキネシス
337,90,43,みらいよち
337,80,49,だいばくはつ
338,10,1,たいあたり
338,60,1,かたくなる
338,50,7,ねんりき
338,40,13,いわおとし
338,30,19,ほのおのうず
338,70,25,サイコウェーブ
338,100,31,コスモパワー
338,90,37,いわなだれ
338,20,43,ソーラービーム
338,80,49,だいばくはつ
339,70,1,どろかけ
339,100,6,どろあそび
339,110,6,みずあそび
339,10,11,みずでっぽう
339,80,16,マグニチュード
339,40,21,ドわすれ
339,50,26,ねむる
339,60,26,いびき
339,20,31,じしん
339,90,36,みらいよち
339,30,41,じわれ
340,70,1,どろかけ
340,100,1,どろあそび
340,120,1,くすぐる
340,130,1,みずあそび
340,110,6,どろあそび
340,140,6,みずあそび
340,10,11,みずでっぽう
340,80,16,マグニチュード
340,40,21,ドわすれ
340,50,26,ねむる
340,60,26,いびき
340,20,36,じしん
340,90,46,みらいよち
340,30,56,じわれ
341,70,1,あわ
341,60,7,かたくなる
341,10,10,はさむ
341,40,13,にらみつける
341,50,19,バブルこうせん
341,90,22,まもる
341,120,25,はたきおとす
341,110,31,ちょうはつ
341,80,34,クラブハンマー
341,30,37,つるぎのまい
341,100,43,かみくだく
341,20,46,ハサミギロチン
342,10,1,はさむ
342,50,1,にらみつける
342,80,1,かたくなる
342,100,1,あわ
342,90,7,かたくなる
342,20,10,はさむ
342,60,13,にらみつける
342,70,19,バブルこうせん
342,120,22,まもる
342,150,25,はたきおとす
342,140,33,ちょうはつ
342,110,38,クラブハンマー
342,40,43,つるぎのまい
342,130,51,かみくだく
342,30,56,ハサミギロチン
343,20,1,ねんりき
343,30,3,かたくなる
343,80,5,こうそくスピン
343,60,7,どろかけ
343,10,11,サイケこうせん
343,100,15,がんせきふうじ
343,40,19,じばく
343,90,25,げんしのちから
343,70,31,すなあらし
343,110,37,コスモパワー
343,50,45,だいばくはつ
344,30,1,ねんりき
344,40,1,テレポート
344,50,1,かたくなる
344,110,1,こうそくスピン
344,60,3,かたくなる
344,120,5,こうそくスピン
344,90,7,どろかけ
344,10,11,サイケこうせん
344,140,15,がんせきふうじ
344,70,19,じばく
344,130,25,げんしのちから
344,100,31,すなあらし
344,20,36,はかいこうせん
344,150,42,コスモパワー
344,80,55,だいばくはつ
345,100,1,おどろかす
345,30,8,からみつく
345,10,15,ようかいえき
345,90,22,ねをはる
345,20,29,あやしいひかり
345,40,36,ドわすれ
345,50,43,げんしのちから
345,60,50,たくわえる
345,70,50,はきだす
345,80,50,のみこむ
346,10,1,ようかいえき
346,40,1,からみつく
346,110,1,ねをはる
346,130,1,おどろかす
346,50,8,からみつく
346,20,15,ようかいえき
346,120,22,ねをはる
346,30,29,あやしいひかり
346,60,36,ドわすれ
346,70,48,げんしのちから
346,80,60,たくわえる
346,90,60,はきだす
346,100,60,のみこむ
347,10,1,ひっかく
347,30,7,かたくなる
347,90,13,どろあそび
347,20,19,みずでっぽう
347,70,25,メタルクロー
347,50,31,まもる
347,80,37,げんしのちから
347,60,43,れんぞくぎり
347,40,49,きりさく
347,100,55,ロックブラスト
348,10,1,ひっかく
348,20,1,みずでっぽう
348,40,1,かたくなる
348,110,1,どろあそび
348,50,7,かたくなる
348,120,13,どろあそび
348,30,19,みずでっぽう
348,90,25,メタルクロー
348,70,31,まもる
348,100,37,げんしのちから
348,80,46,れんぞくぎり
348,60,55,きりさく
348,130,64,ロックブラスト
349,20,1,はねる
349,10,15,たいあたり
349,30,30,じたばた
350,20,1,みずでっぽう
350,10,5,まきつく
350,100,10,みずあそび
350,90,15,リフレッシュ
350,110,20,みずのはどう
350,70,25,たつまき
350,40,30,じこさいせい
350,80,35,あまごい
350,30,40,ハイドロポンプ
350,50,45,メロメロ
350,60,50,しんぴのまもり
351,10,1,たいあたり
351,20,10,ひのこ
351,30,10,みずでっぽう
351,40,10,こなゆき
351,50,20,あまごい
351,60,20,にほんばれ
351,70,20,あられ
351,80,30,ウェザーボール
352,10,1,ひっかく
352,30,1,しっぽをふる
352,60,1,したでなめる
352,100,1,どろぼう
352,130,1,おどろかす
352,20,4,しめつける
352,110,7,だましうち
352,70,12,みだれひっかき
352,40,17,サイケこうせん
352,50,24,いやなおと
352,80,31,きりさく
352,90,40,みがわり
352,120,49,げんしのちから
353,80,1,はたきおとす
353,20,8,いやなおと
353,10,13,ナイトヘッド
353,30,20,のろい
353,40,25,うらみ
353,70,32,おにび
353,50,37,だましうち
353,60,44,シャドーボール
353,100,49,よこどり
353,90,56,おんねん
354,10,1,ナイトヘッド
354,30,1,いやなおと
354,50,1,のろい
354,110,1,はたきおとす
354,40,8,いやなおと
354,20,13,ナイトヘッド
354,60,20,のろい
354,70,25,うらみ
354,100,32,おにび
354,80,39,だましうち
354,90,48,シャドーボール
354,130,55,よこどり
354,120,64,おんねん
355,10,1,にらみつける
355,30,1,ナイトヘッド
355,20,5,かなしばり
355,60,12,みやぶる
355,110,16,おどろかす
355,40,23,あやしいひかり
355,80,27,おいうち
355,50,34,のろい
355,100,38,おにび
355,70,45,くろいまなざし
355,90,49,みらいよち
356,10,1,しめつける
356,20,1,にらみつける
356,30,1,かなしばり
356,50,1,ナイトヘッド
356,40,5,かなしばり
356,80,12,みやぶる
356,130,16,おどろかす
356,60,23,あやしいひかり
356,100,27,おいうち
356,70,34,のろい
356,140,37,シャドーパンチ
356,120,41,おにび
356,90,51,くろいまなざし
356,110,58,みらいよち
357,10,1,かぜおこし
357,50,1,にらみつける
357,60,7,せいちょう
357,70,11,はっぱカッター
357,30,17,ふみつけ
357,90,21,あまいかおり
357,20,27,ふきとばし
357,110,31,マジカルリーフ
357,40,37,のしかかり
357,80,41,ソーラービーム
357,100,47,こうごうせい
358,10,1,まきつく
358,40,6,なきごえ
358,120,9,おどろかす
358,50,14,ねんりき
358,20,17,とっしん
358,100,22,さわぐ
358,110,25,あくび
358,70,30,サイコウェーブ
358,30,33,すてみタックル
358,80,38,いやしのすず
358,90,41,しんぴのまもり
358,60,46,サイコキネシス
359,10,1,ひっかく
359,40,5,にらみつける
359,110,9,ちょうはつ
359,60,13,でんこうせっか
359,20,17,かまいたち
359,50,21,かみつく
359,30,26,つるぎのまい
359,70,31,かげぶんしん
359,80,36,きりさく
359,100,41,みらいよち
359,90,46,ほろびのうた
360,20,1,はねる
360,40,1,あまえる
360,60,1,アンコール
360,10,15,カウンター
360,30,15,みちづれ
360,50,15,しんぴのまもり
360,70,15,ミラーコート
361,20,1,にらみつける
361,70,1,こなゆき
361,60,7,かげぶんしん
361,30,10,かみつく
361,90,16,こごえるかぜ
361,10,19,ずつき
361,80,25,まもる
361,100,28,かみくだく
361,40,34,れいとうビーム
361,110,37,あられ
361,50,43,ふぶき
362,20,1,にらみつける
362,30,1,かみつく
362,70,1,かげぶんしん
362,90,1,こなゆき
362,80,7,かげぶんしん
362,40,10,かみつく
362,110,16,こごえるかぜ
362,10,19,ずつき
362,100,25,まもる
362,120,28,かみくだく
362,50,34,れいとうビーム
362,130,42,あられ
362,60,53,ふぶき
362,140,61,ぜったいれいど
363,20,1,なきごえ
363,30,1,みずでっぽう
363,60,1,まるくなる
363,90,1,こなゆき
363,100,7,アンコール
363,120,13,アイスボール
363,10,19,のしかかり
363,50,25,オーロラビーム
363,110,31,あられ
363,70,37,ねむる
363,80,37,いびき
363,40,43,ふぶき
363,130,49,ぜったいれいど
364,20,1,なきごえ
364,30,1,みずでっぽう
364,60,1,まるくなる
364,90,1,こなゆき
364,100,7,アンコール
364,120,13,アイスボール
364,10,19,のしかかり
364,50,25,オーロラビーム
364,110,31,あられ
364,70,39,ねむる
364,80,39,いびき
364,40,47,ふぶき
364,130,55,ぜったいれいど
365,20,1,なきごえ
365,30,1,みずでっぽう
365,60,1,まるくなる
365,90,1,こなゆき
365,100,7,アンコール
365,120,13,アイスボール
365,10,19,のしかかり
365,50,25,オーロラビーム
365,110,31,あられ
365,70,39,ねむる
365,80,39,いびき
365,40,50,ふぶき
365,130,61,ぜったいれいど
366,10,1,みずでっぽう
366,20,1,からではさむ
366,30,1,うずしお
366,40,1,てっぺき
367,70,1,うずしお
367,10,8,かみつく
367,30,15,いやなおと
367,80,22,みずのはどう
367,40,29,こわいかお
367,60,36,かみくだく
367,50,43,バトンタッチ
367,20,50,ハイドロポンプ
368,70,1,うずしお
368,20,8,ねんりき
368,40,15,こうそくいどう
368,80,22,みずのはどう
368,50,29,ドわすれ
368,30,36,サイコキネシス
368,60,43,バトンタッチ
368,10,50,ハイドロポンプ
369,10,1,たいあたり
369,60,1,かたくなる
369,40,8,みずでっぽう
369,110,15,がんせきふうじ
369,90,22,あくび
369,20,29,とっしん
369,100,36,どろあそび
369,80,43,げんしのちから
369,70,50,ねむる
369,30,57,すてみタックル
369,50,64,ハイドロポンプ
370,10,1,たいあたり
370,70,4,あまえる
370,30,12,みずでっぽう
370,40,16,こうそくいどう
370,20,24,とっしん
370,80,28,メロメロ
370,60,36,てんしのキッス
370,50,40,じたばた
370,90,48,しんぴのまもり
371,60,1,いかり
371,40,5,かみつく
371,30,9,にらみつける
371,10,17,ずつき
371,70,21,きあいだめ
371,50,25,ひのこ
371,90,33,りゅうのいぶき
371,80,37,こわいかお
371,100,41,かみくだく
371,110,49,ドラゴンクロー
371,20,53,すてみタックル
372,10,1,ずつき
372,40,1,にらみつける
372,60,1,かみつく
372,90,1,いかり
372,70,5,かみつく
372,50,9,にらみつける
372,20,17,ずつき
372,100,21,きあいだめ
372,80,25,ひのこ
372,110,30,まもる
372,130,38,りゅうのいぶき
372,120,47,こわいかお
372,140,56,かみくだく
372,150,69,ドラゴンクロー
372,30,78,すてみタックル
373,20,1,ずつき
373,50,1,にらみつける
373,70,1,かみつく
373,100,1,いかり
373,80,5,かみつく
373,60,9,にらみつける
373,30,17,ずつき
373,110,21,きあいだめ
373,90,25,ひのこ
373,120,30,まもる
373,140,38,りゅうのいぶき
373,130,47,こわいかお
373,10,50,そらをとぶ
373,150,61,かみくだく
373,160,79,ドラゴンクロー
373,40,93,すてみタックル
374,10,1,とっしん
375,10,1,とっしん
375,30,20,ねんりき
375,80,20,メタルクロー
375,60,26,こわいかお
375,70,32,おいうち
375,40,38,サイコキネシス
375,100,44,てっぺき
375,90,50,コメットパンチ
375,50,56,こうそくいどう
375,20,62,はかいこうせん
376,10,1,とっしん
376,30,1,ねんりき
376,70,1,こわいかお
376,100,1,メタルクロー
376,40,20,ねんりき
376,110,20,メタルクロー
376,80,26,こわいかお
376,90,32,おいうち
376,50,38,サイコキネシス
376,130,44,てっぺき
376,120,55,コメットパンチ
376,60,66,こうそくいどう
376,20,77,はかいこうせん
377,30,1,だいばくはつ
377,20,9,いわおとし
377,40,17,のろい
377,80,25,ばかぢから
377,70,33,げんしのちから
377,90,41,てっぺき
377,50,49,でんじほう
377,60,57,ロックオン
377,10,65,はかいこうせん
378,30,1,だいばくはつ
378,60,9,こごえるかぜ
378,40,17,のろい
378,90,25,ばかぢから
378,80,33,げんしのちから
378,20,41,ドわすれ
378,50,49,でんじほう
378,70,57,ロックオン
378,10,65,はかいこうせん
379,30,1,だいばくはつ
379,70,9,メタルクロー
379,40,17,のろい
379,90,25,ばかぢから
379,80,33,げんしのちから
379,20,41,ドわすれ
379,100,41,てっぺき
379,50,49,でんじほう
379,60,57,ロックオン
379,10,65,はかいこうせん
380,30,1,サイコウェーブ
380,80,5,ねがいごと
380,70,10,てだすけ
380,50,15,しんぴのまもり
380,60,20,りゅうのいぶき
380,110,25,みずあそび
380,90,30,リフレッシュ
380,100,35,ミストボール
380,10,40,サイコキネシス
380,20,45,じこさいせい
380,40,50,あまえる
381,30,1,サイコウェーブ
381,70,5,おきみやげ
381,80,10,てだすけ
381,50,15,しんぴのまもり
381,60,20,りゅうのいぶき
381,40,25,まもる
381,90,30,リフレッシュ
381,100,35,ラスターパージ
381,10,40,サイコキネシス
381,20,45,じこさいせい
381,110,50,りゅうのまい
382,110,1,みずのはどう
382,60,5,こわいかお
382,70,15,げんしのちから
382,10,20,のしかかり
382,100,30,めいそう
382,40,35,れいとうビーム
382,30,45,ハイドロポンプ
382,50,50,ねむる
382,90,60,ぜったいれいど
382,20,65,すてみタックル
382,80,75,しおふき
383,110,1,マッドショット
383,70,5,こわいかお
383,80,15,げんしのちから
383,60,20,きりさく
383,100,30,ビルドアップ
383,20,35,じしん
383,40,45,だいもんじ
383,50,50,ねむる
383,30,60,じわれ
383,10,65,ソーラービーム
383,90,75,ふんか
384,60,1,たつまき
384,40,5,こわいかお
384,90,15,げんしのちから
384,100,20,ドラゴンクロー
384,110,30,りゅうのまい
384,70,35,かみくだく
384,10,45,そらをとぶ
384,30,50,ねむる
384,80,60,しんそく
384,50,65,げきりん
384,20,75,はかいこうせん
385,20,1,ねんりき
385,90,1,ねがいごと
385,50,5,ねむる
385,40,10,スピードスター
385,80,15,てだすけ
385,30,20,サイコキネシス
385,100,25,リフレッシュ
385,60,30,ねむる
385,10,35,すてみタックル
385,70,40,みらいよち
385,110,45,コスモパワー
385,120,50,はめつのねがい
